id,pmid,title,authors,journal,year,doi,url,level,type,status
aas_adverse2021,33477800,Adverse Effects of Anabolic-Androgenic Steroids: A Literature Review,"Albano GD, Amico F, Cocimano G","Healthcare (Basel, Switzerland)",2021,10.3390/healthcare9010097,https://pubmed.ncbi.nlm.nih.gov/33477800/,B,review,
aas_adverse2025,39945139,Adverse Effects of Anabolic Androgenic Steroid Abuse in Athletes and Physically Active Individuals: A Systematic Review and Meta-Analysis,"Mingxing L, Yanfei Y",Substance use & misuse,2025,10.1080/10826084.2025.2460986,https://pubmed.ncbi.nlm.nih.gov/39945139/,A,systematic-review,
aas_angiosarcoma1979,91848,Hepatic angiosarcoma associated with androgenic-anabolic steroids,"Falk H, Thomas LB, Popper H","Lancet (London, England)",1979,10.1016/s0140-6736(79)92515-7,https://pubmed.ncbi.nlm.nih.gov/91848/,C,case-report,
aas_cardiac_meta2026,40945618,Anabolic-androgenic steroids on cardiac structure and function in resistance-trained athletes: A systematic review and meta-analysis,"Cavalcante DN, Romariz L, Neto A",International journal of cardiology,2026,10.1016/j.ijcard.2025.133896,https://pubmed.ncbi.nlm.nih.gov/40945618/,A,meta-analysis,
aas_cardiac2020,33158202,Sudden Cardiac Death in Anabolic-Androgenic Steroid Users: A Literature Review,"Torrisi M, Pennisi G, Russo I","Medicina (Kaunas, Lithuania)",2020,10.3390/medicina56110587,https://pubmed.ncbi.nlm.nih.gov/33158202/,C,review,
aas_cardio_risk2025,40401476,Anabolic-androgenic steroids among recreational athletes and cardiovascular risk,"Meagher S, Irwig MS, Rao P",Current opinion in cardiology,2025,10.1097/HCO.0000000000001235,https://pubmed.ncbi.nlm.nih.gov/40401476/,B,review,
aas_cardio2025,39945117,Cardiovascular Disease in Anabolic Androgenic Steroid Users,"Windfeld-Mathiasen J, Heerfordt IM, Dalhoff KP",Circulation,2025,10.1161/CIRCULATIONAHA.124.071117,https://pubmed.ncbi.nlm.nih.gov/39945117/,A,review,
aas_clinician2019,30753550,Diagnosis and Management of Anabolic Androgenic Steroid Use,Anawalt BD,The Journal of clinical endocrinology and metabolism,2019,10.1210/jc.2018-01882,https://pubmed.ncbi.nlm.nih.gov/30753550/,A,review,
aas_cmp2023,37564909,Anabolic androgenic steroids and cardiomyopathy: an update,"Fadah K, Gopi G, Lingireddy A",Frontiers in cardiovascular medicine,2023,10.3389/fcvm.2023.1214374,https://pubmed.ncbi.nlm.nih.gov/37564909/,B,review,
aas_cv_status2025,40880090,Illicit Anabolic Steroid Use and Cardiovascular Status in Men and Women,"Buhl LF, Christensen LL, Hjortebjerg R",JAMA network open,2025,10.1001/jamanetworkopen.2025.26636,https://pubmed.ncbi.nlm.nih.gov/40880090/,A,cohort,
aas_dementia2019,30817935,Supraphysiologic-dose anabolic-androgenic steroid use: A risk factor for dementia?,"Kaufman MJ, Kanayama G, Hudson JI",Neuroscience and biobehavioral reviews,2019,10.1016/j.neubiorev.2019.02.014,https://pubmed.ncbi.nlm.nih.gov/30817935/,B,review,
aas_dependence2009,19922565,Anabolic-androgenic steroid dependence: an emerging disorder,"Kanayama G, Brower KJ, Wood RI","Addiction (Abingdon, England)",2009,10.1111/j.1360-0443.2009.02734.x,https://pubmed.ncbi.nlm.nih.gov/19922565/,B,review,
aas_health_screening2023,36990315,"Doping with testosterone and androgenic/anabolic steroids: Impact on health, screening tools and medical care",Young J,Annales d'endocrinologie,2023,10.1016/j.ando.2023.03.025,https://pubmed.ncbi.nlm.nih.gov/36990315/,B,review,
aas_hepato2022,35068803,Versatility of Anabolic Androgenic Steroid-Induced Hepatotoxicity,"Patil V, Jothimani D, Harika K",Journal of clinical and experimental hepatology,2022,10.1016/j.jceh.2021.03.003,https://pubmed.ncbi.nlm.nih.gov/35068803/,B,review,
aas_how2022,36644692,Anabolic-androgenic steroids: How do they work and what are the risks?,"Bond P, Smit DL, de Ronde W",Frontiers in endocrinology,2022,10.3389/fendo.2022.1059473,https://pubmed.ncbi.nlm.nih.gov/36644692/,B,review,
aas_liver2022,36051334,Anabolic androgenic steroid-induced liver injury: An update,"Petrovic A, Vukadin S, Sikora R",World journal of gastroenterology,2022,10.3748/wjg.v28.i26.3071,https://pubmed.ncbi.nlm.nih.gov/36051334/,B,review,
aas_metabolism_review2006,17000101,Metabolism and excretion of anabolic steroids in doping control--new steroids and new insights,"Van Eenoo P, Delbeke FT",The Journal of steroid biochemistry and molecular biology,2006,10.1016/j.jsbmb.2006.06.024,https://pubmed.ncbi.nlm.nih.gov/17000101/,C,review,
aas_misuse2021,34926695,"Anabolic-Androgenic Steroid Misuse: Mechanisms, Patterns of Misuse, User Typology, and Adverse Effects","Ding JB, Ng MZ, Huang SS",Journal of sports medicine (Hindawi Publishing Corporation),2021,10.1155/2021/7497346,https://pubmed.ncbi.nlm.nih.gov/34926695/,C,review,
aas_mortality2024,38483396,Mortality Among Users of Anabolic Steroids,"Windfeld-Mathiasen J, Heerfordt IM, Dalhoff KP",JAMA,2024,10.1001/jama.2024.3180,https://pubmed.ncbi.nlm.nih.gov/38483396/,A,cohort,
aas_pharmacology2008,18500378,Pharmacology of anabolic steroids,Kicman AT,British journal of pharmacology,2008,10.1038/bjp.2008.165,https://pubmed.ncbi.nlm.nih.gov/18500378/,B,review,
aas_police_sweden2012,22269132,Anabolic androgenic steroids in police cases in Sweden 1999-2009,"Lood Y, Eklund A, Garle M",Forensic science international,2012,10.1016/j.forsciint.2012.01.004,https://pubmed.ncbi.nlm.nih.gov/22269132/,C,cohort,
aas_prevalence2014,24582699,The global epidemiology of anabolic-androgenic steroid use: a meta-analysis and meta-regression analysis,"Sagoe D, Molde H, Andreassen CS",Annals of epidemiology,2014,10.1016/j.annepidem.2014.01.009,https://pubmed.ncbi.nlm.nih.gov/24582699/,A,meta-analysis,
aas_psych2015,26074746,Anabolic-androgenic steroid use and psychopathology in athletes. A systematic review,"Piacentino D, Kotzalidis GD, Del Casale A",Current neuropharmacology,2015,10.2174/1570159X13666141210222725,https://pubmed.ncbi.nlm.nih.gov/26074746/,A,systematic-review,
aas_stroke2021,33542023,Anabolic steroid use and ischaemic stroke in a young fitness enthusiast,"Choulerton J, Guha N, Squires R",BMJ case reports,2021,10.1136/bcr-2020-234241,https://pubmed.ncbi.nlm.nih.gov/33542023/,C,case-report,
aas_women2021,32736958,"Anabolic-androgenic steroid use among women - A qualitative study on experiences of masculinizing, gonadal and sexual effects","Havnes IA, Jørstad ML, Innerdal I",The International journal on drug policy,2021,10.1016/j.drugpo.2020.102876,https://pubmed.ncbi.nlm.nih.gov/32736958/,C,qualitative,
abdelati2023,37703241,"Sublethal toxicities of 2,4-dinitrophenol as inferred from online self-reports.","Abdelati A, Burns MM, Chary M",PLoS One,2023,10.1371/journal.pone.0290630,https://pubmed.ncbi.nlm.nih.gov/37703241/,C,cohort,
abeles2020,33214235,Androgenic anabolic steroid-induced liver injury: two case reports assessed for causality by the updated Roussel Uclaf Causality Assessment Method (RUCAM) score and a comprehensive review of the literature.,"Abeles RD, Foxton M, Khan S",BMJ Open Gastroenterol,2020,10.1136/bmjgast-2020-000549,https://pubmed.ncbi.nlm.nih.gov/33214235/,C,cohort,
ac262536_2008,18164613,"Pharmacological characterization of AC-262536, a novel selective androgen receptor modulator","Piu F, Gardell LR, Son T",The Journal of steroid biochemistry and molecular biology,2008,10.1016/j.jsbmb.2007.11.001,https://pubmed.ncbi.nlm.nih.gov/18164613/,C,in-vitro,
ac262536_equine2021,32959959,"Equine metabolism of the selective androgen receptor modulator AC-262536 in vitro and in urine, plasma and hair following oral administration","Cutler C, Viljanto M, Taylor P",Drug testing and analysis,2021,10.1002/dta.2932,https://pubmed.ncbi.nlm.nih.gov/32959959/,C,animal,
ac262536_lcms2021,33383501,Simultaneous detection of different chemical classes of selective androgen receptor modulators in urine by liquid chromatography-mass spectrometry-based techniques,"Stacchini C, Botrè F, Comunità F",Journal of pharmaceutical and biomedical analysis,2021,10.1016/j.jpba.2020.113849,https://pubmed.ncbi.nlm.nih.gov/33383501/,C,in-vitro,
acetazolamide_altitude2022,35081281,Medical Conditions and High-Altitude Travel,"Luks AM, Hackett PH",The New England journal of medicine,2022,10.1056/NEJMra2104829,https://pubmed.ncbi.nlm.nih.gov/35081281/,B,review,
acetazolamide_moa2007,17023566,Mechanisms of action of acetazolamide in the prophylaxis and treatment of acute mountain sickness,"Leaf DE, Goldfarb DS","Journal of applied physiology (Bethesda, Md. : 1985)",2007,10.1152/japplphysiol.01572.2005,https://pubmed.ncbi.nlm.nih.gov/17023566/,C,review,
acp105_adme2025,40928534,First multifaceted ADME profile of ACP-105 (CAS: 1048998-11-3): a novel non-steroidal selective androgen receptor modulator used as doping in sports-integrative in silico toxicological studies for clinical and forensic toxicology purposes,"Fijałkowska O, Jurowski K",Archives of toxicology,2025,10.1007/s00204-025-04170-5,https://pubmed.ncbi.nlm.nih.gov/40928534/,C,in-vitro,
acp105_equine2021,33535528,Investigation of Equine In Vivo and In Vitro Derived Metabolites of the Selective Androgen Receptor Modulator (SARM) ACP-105 for Improved Doping Control,"Broberg MN, Knych H, Bondesson U",Metabolites,2021,10.3390/metabo11020085,https://pubmed.ncbi.nlm.nih.gov/33535528/,C,animal,
acp105_ms2013,23650030,Expanding sports drug testing assays: mass spectrometric characterization of the selective androgen receptor modulator drug candidates RAD140 and ACP-105,"Thevis M, Piper T, Beuck S",Rapid communications in mass spectrometry : RCM,2013,10.1002/rcm.6558,https://pubmed.ncbi.nlm.nih.gov/23650030/,C,in-vitro,
acsm_fluid2007,17277604,American College of Sports Medicine position stand. Exercise and fluid replacement,"American College of Sports Medicine, Sawka MN, Burke LM",Medicine and science in sports and exercise,2007,10.1249/mss.0b013e31802ca597,https://pubmed.ncbi.nlm.nih.gov/17277604/,A,position-stand,
acsm_rt2026,41843416,"American College of Sports Medicine Position Stand. Resistance Training Prescription for Muscle Function, Hypertrophy, and Physical Performance in Healthy Adults: An Overview of Reviews","Currier BS, D'Souza AC, Singh MAF",Medicine and science in sports and exercise,2026,10.1249/MSS.0000000000003897,https://pubmed.ncbi.nlm.nih.gov/41843416/,A,position-stand,
acv_data_concerns2025,40771528,Improbable data characteristics and extreme effects of apple cider vinegar on weight loss,"Malbouby V, Trexler ET, Heathers J","BMJ nutrition, prevention & health",2025,10.1136/bmjnph-2024-000997,https://pubmed.ncbi.nlm.nih.gov/40771528/,B,review,
adulteration2025,41097223,Adulteration of Sports Supplements with Anabolic Steroids-From Innocent Athlete to Vicious Cheater,"Puscasiu D, Flangea C, Vlad D",Nutrients,2025,10.3390/nu17193146,https://pubmed.ncbi.nlm.nih.gov/41097223/,B,review,
ai_review2003,12802030,Aromatase inhibitors in breast cancer.,"Smith IE, Dowsett M",N Engl J Med,2003,10.1056/NEJMra023246,https://pubmed.ncbi.nlm.nih.gov/12802030/,B,review,
aicar_mice2025,40060947,Chronic treatment of old mice with AICAR reverses age-related changes in exercise performance and skeletal muscle gene expression,"Wilcox SH, Calixto J, Dray SD",FASEB bioAdvances,2025,10.1096/fba.2024-00252,https://pubmed.ncbi.nlm.nih.gov/40060947/,C,animal,
alberdigarciandia2025,40137802,Recombinant Human Erythropoietin Effects on Well-Trained Athletes' Endurance Performance: A Systematic Review.,"Alberdi-Garciandia A, Santos-Concejero J",Sports (Basel),2025,10.3390/sports13030078,https://pubmed.ncbi.nlm.nih.gov/40137802/,C,cohort,
aloia1981,7026971,Changes in body composition following therapy of osteoporosis with methandrostenolone.,"Aloia JF, Kapoor A, Vaswani A",Metabolism,1981,10.1016/0026-0495(81)90050-0,https://pubmed.ncbi.nlm.nih.gov/7026971/,C,cohort,
alpha_gpc_2023,37229544,"Effects of branched chain amino acids, l-citrulline, and alpha-glycerylphosphorylcholine supplementation on exercise performance in trained cyclists: a randomized crossover trial",Harrington RN,Journal of the International Society of Sports Nutrition,2023,10.1080/15502783.2023.2214112,https://pubmed.ncbi.nlm.nih.gov/37229544/,C,rct,
amato2014,25381300,Treatment of sporadic inclusion body myositis with bimagrumab.,"Amato AA, Sivakumar K, Goyal N",Neurology,2014,10.1212/WNL.0000000000001070,https://pubmed.ncbi.nlm.nih.gov/25381300/,C,cohort,
ami_young2016,27184497,Acute myocardial infarction in a young bodybuilder taking anabolic androgenic steroids: A case report and critical review of the literature,"Christou GA, Christou KA, Nikas DN",European journal of preventive cardiology,2016,10.1177/2047487316651341,https://pubmed.ncbi.nlm.nih.gov/27184497/,C,case-report,
ampk_exercise2015,26186961,Activation of AMPK and its Impact on Exercise Capacity,"Niederberger E, King TS, Russe OQ","Sports medicine (Auckland, N.Z.)",2015,10.1007/s40279-015-0366-z,https://pubmed.ncbi.nlm.nih.gov/26186961/,C,review,
and_dc_acsm2016,26920240,"Position of the Academy of Nutrition and Dietetics, Dietitians of Canada, and the American College of Sports Medicine: Nutrition and Athletic Performance","Thomas DT, Erdman KA, Burke LM",Journal of the Academy of Nutrition and Dietetics,2016,10.1016/j.jand.2015.12.006,https://pubmed.ncbi.nlm.nih.gov/26920240/,A,position-stand,
andarine_metab2010,20623476,Mass spectrometric characterization of urinary metabolites of the selective androgen receptor modulator andarine (S-4) for routine doping control purposes,"Thevis M, Thomas A, Fusshöller G",Rapid communications in mass spectrometry : RCM,2010,10.1002/rcm.4637,https://pubmed.ncbi.nlm.nih.gov/20623476/,C,in-vitro,
andarine_pk2004,15204699,"Pharmacokinetics of S-3-(4-acetylamino-phenoxy)-2-hydroxy-2-methyl-N-(4-nitro- 3-trifluoromethyl-phenyl)-propionamide in rats, a non-steroidal selective androgen receptor modulator","Kearbey JD, Wu D, Gao W",Xenobiotica; the fate of foreign compounds in biological systems,2004,10.1080/0049825041008962,https://pubmed.ncbi.nlm.nih.gov/15204699/,C,animal,
andarine_product2009,20355219,Detection of the arylpropionamide-derived selective androgen receptor modulator (SARM) S-4 (Andarine) in a black-market product,"Thevis M, Geyer H, Kamber M",Drug testing and analysis,2009,10.1002/dta.91,https://pubmed.ncbi.nlm.nih.gov/20355219/,C,in-vitro,
andrews2018,29994823,Physical Effects of Anabolic-androgenic Steroids in Healthy Exercising Adults: A Systematic Review and Meta-analysis.,"Andrews MA, Magee CD, Combest TM",Curr Sports Med Rep,2018,10.1249/JSR.0000000000000500,https://pubmed.ncbi.nlm.nih.gov/29994823/,C,cohort,
androstenedione_humans2002,12501001,Effects of prohormone supplementation in humans: a review,"Ziegenfuss TN, Berardi JM, Lowery LM",Canadian journal of applied physiology = Revue canadienne de physiologie appliquee,2002,10.1139/h02-037,https://pubmed.ncbi.nlm.nih.gov/12501001/,B,review,
androstenedione_prohormone2006,16888459,Testosterone prohormone supplements,"Brown GA, Vukovich M, King DS",Medicine and science in sports and exercise,2006,10.1249/01.mss.0000228928.69512.2e,https://pubmed.ncbi.nlm.nih.gov/16888459/,B,review,
androstenedione_risk2003,12671199,Oral andro-related prohormone supplementation: do the potential risks outweigh the benefits?,Broeder CE,Canadian journal of applied physiology = Revue canadienne de physiologie appliquee,2003,10.1139/h03-009,https://pubmed.ncbi.nlm.nih.gov/12671199/,B,review,
antioxidants_2020,33203106,Antioxidants and Exercise Performance: With a Focus on Vitamin E and C Supplementation,"Higgins MR, Izadi A, Kaviani M",International journal of environmental research and public health,2020,10.3390/ijerph17228452,https://pubmed.ncbi.nlm.nih.gov/33203106/,B,review,
aragon2013,23360586,Nutrient timing revisited: is there a post-exercise anabolic window?,"Aragon AA, Schoenfeld BJ",Journal of the International Society of Sports Nutrition,2013,10.1186/1550-2783-10-5,https://pubmed.ncbi.nlm.nih.gov/23360586/,A,review,
arginine_nitrate2021,34965876,"Effect of food sources of nitrate, polyphenols, L-arginine and L-citrulline on endurance exercise performance: a systematic review and meta-analysis of randomised controlled trials","d'Unienville NMA, Blake HT, Coates AM",Journal of the International Society of Sports Nutrition,2021,10.1186/s12970-021-00472-y,https://pubmed.ncbi.nlm.nih.gov/34965876/,B,review,
aronne2025,40353578,Tirzepatide as Compared with Semaglutide for the Treatment of Obesity.,"Aronne LJ, Horn DB, le Roux CW",N Engl J Med,2025,10.1056/NEJMoa2416394,https://pubmed.ncbi.nlm.nih.gov/40353578/,C,cohort,
ashg_infertility2020,30929329,Management of Anabolic Steroid-Induced Infertility: Novel Strategies for Fertility Maintenance and Recovery,"Tatem AJ, Beilan J, Kovac JR",The world journal of men's health,2020,10.5534/wjmh.190002,https://pubmed.ncbi.nlm.nih.gov/30929329/,B,review,
ashg2014,24636400,Anabolic steroid-induced hypogonadism: diagnosis and treatment,"Rahnema CD, Lipshultz LI, Crosnoe LE",Fertility and sterility,2014,10.1016/j.fertnstert.2014.02.002,https://pubmed.ncbi.nlm.nih.gov/24636400/,B,review,
ashg2021,33887077,"Anabolic androgenic steroid-induced hypogonadism, a reversible condition in male individuals? A systematic review","Vilar Neto JO, da Silva CA, Bruno da Silva CA",Andrologia,2021,10.1111/and.14062,https://pubmed.ncbi.nlm.nih.gov/33887077/,A,systematic-review,
ashwagandha2021,33670194,Effects of Ashwagandha (Withania somnifera) on Physical Performance: Systematic Review and Bayesian Meta-Analysis,"Bonilla DA, Moreno Y, Gho C",Journal of functional morphology and kinesiology,2021,10.3390/jfmk6010020,https://pubmed.ncbi.nlm.nih.gov/33670194/,B,meta-analysis,
astaxanthin_2021,34071514,Benefits of Exercise and Astaxanthin Supplementation: Are There Additive or Synergistic Effects?,"Oharomari LK, Ikemoto MJ, Hwang DJ","Antioxidants (Basel, Switzerland)",2021,10.3390/antiox10060870,https://pubmed.ncbi.nlm.nih.gov/34071514/,C,review,
atac10y2010,21087898,Effect of anastrozole and tamoxifen as adjuvant treatment for early-stage breast cancer: 10-year analysis of the ATAC trial.,"Cuzick J, Sestak I, Baum M",Lancet Oncol,2010,10.1016/S1470-2045(10)70257-6,https://pubmed.ncbi.nlm.nih.gov/21087898/,B,rct,
atac5y2005,15639680,"Results of the ATAC (Arimidex, Tamoxifen, Alone or in Combination) trial after completion of 5 years' adjuvant treatment for breast cancer.","Howell A, Cuzick J, Baum M",Lancet,2005,10.1016/S0140-6736(04)17666-6,https://pubmed.ncbi.nlm.nih.gov/15639680/,B,rct,
atp_oral2024,38535745,The Effect of Oral Adenosine Triphosphate (ATP) Supplementation on Anaerobic Exercise in Healthy Resistance-Trained Individuals: A Systematic Review and Meta-Analysis,"González-Marenco R, Estrada-Sánchez IA, Medina-Escobedo M","Sports (Basel, Switzerland)",2024,10.3390/sports12030082,https://pubmed.ncbi.nlm.nih.gov/38535745/,C,rct,
attie2013,23169607,A single ascending-dose study of muscle regulator ACE-031 in healthy volunteers.,"Attie KM, Borgstein NG, Yang Y",Muscle Nerve,2013,10.1002/mus.23539,https://pubmed.ncbi.nlm.nih.gov/23169607/,C,cohort,
barry2013,30546764,Case report and review of clenbuterol cardiac toxicity.,"Barry AR, Graham MM",J Cardiol Cases,2013,10.1016/j.jccase.2013.07.004,https://pubmed.ncbi.nlm.nih.gov/30546764/,C,cohort,
bcaa2021,33741748,Isolated Leucine and Branched-Chain Amino Acid Supplementation for Enhancing Muscular Strength and Hypertrophy: A Narrative Review,"Plotkin DL, Delcastillo K, Van Every DW",International journal of sport nutrition and exercise metabolism,2021,10.1123/ijsnem.2020-0356,https://pubmed.ncbi.nlm.nih.gov/33741748/,B,review,
beck2014,25331030,"Prospective, randomized, controlled, proof-of-concept study of the Ghrelin mimetic ipamorelin for the management of postoperative ileus in bowel resection patients.","Beck DE, Sweeney WB, McCarter MD",Int J Colorectal Dis,2014,10.1007/s00384-014-2030-8,https://pubmed.ncbi.nlm.nih.gov/25331030/,C,cohort,
beef_protein_meta2019,31242624,Does Beef Protein Supplementation Improve Body Composition and Exercise Performance? A Systematic Review and Meta-Analysis of Randomized Controlled Trials,"Valenzuela PL, Mata F, Morales JS",Nutrients,2019,10.3390/nu11061429,https://pubmed.ncbi.nlm.nih.gov/31242624/,A,systematic-review,
bennett1975,1242823,Hormonal therapy of breast cancer with special reference to Masteril therapy.,"Bennett MB, Helman P, Palmer P",S Afr Med J,1975,,https://pubmed.ncbi.nlm.nih.gov/1242823/,C,cohort,
beta_alanine_meta2017,27797728,β-alanine supplementation to improve exercise capacity and performance: a systematic review and meta-analysis,"Saunders B, Elliott-Sale K, Artioli GG",British journal of sports medicine,2017,10.1136/bjsports-2016-096396,https://pubmed.ncbi.nlm.nih.gov/27797728/,A,meta-analysis,
betaine_2017,28426517,Effects of Betaine Supplementation on Muscle Strength and Power: A Systematic Review,Ismaeel A,Journal of strength and conditioning research,2017,10.1519/JSC.0000000000001959,https://pubmed.ncbi.nlm.nih.gov/28426517/,A,systematic-review,
betaine_meta2024,39514262,Effects of chronic betaine supplementation on exercise performance: Systematic review and meta-analysis,"Zawieja E, Machek S, Zanchi NE",Journal of sports sciences,2024,10.1080/02640414.2024.2423578,https://pubmed.ncbi.nlm.nih.gov/39514262/,A,meta-analysis,
bhasin1996,8637535,The effects of supraphysiologic doses of testosterone on muscle size and strength in normal men,"Bhasin S, Storer TW, Berman N",The New England journal of medicine,1996,10.1056/NEJM199607043350101,https://pubmed.ncbi.nlm.nih.gov/8637535/,B,rct,
big198_2005,16382061,A comparison of letrozole and tamoxifen in postmenopausal women with early breast cancer.,"Breast International Group (BIG) 1-98 Collaborative Group, Thürlimann B, Keshaviah A",N Engl J Med,2005,10.1056/NEJMoa052258,https://pubmed.ncbi.nlm.nih.gov/16382061/,B,rct,
bimagrumab_actrii2017,29109273,Blockade of activin type II receptors with a dual anti-ActRIIA/IIB antibody is critical to promote maximal skeletal muscle hypertrophy,"Morvan F, Rondeau JM, Zou C",Proceedings of the National Academy of Sciences of the United States of America,2017,10.1073/pnas.1707925114,https://pubmed.ncbi.nlm.nih.gov/29109273/,C,animal,
bimagrumab_antibody2014,24298022,An antibody blocking activin type II receptors induces strong skeletal muscle hypertrophy and protects from atrophy,"Lach-Trifilieff E, Minetti GC, Sheppard K",Molecular and cellular biology,2014,10.1128/MCB.01307-13,https://pubmed.ncbi.nlm.nih.gov/24298022/,C,animal,
bimagrumab_phase2_2021,33439265,Effect of Bimagrumab vs Placebo on Body Fat Mass Among Adults With Type 2 Diabetes and Obesity: A Phase 2 Randomized Clinical Trial,"Heymsfield SB, Coleman LA, Miller R",JAMA network open,2021,10.1001/jamanetworkopen.2020.33457,https://pubmed.ncbi.nlm.nih.gov/33439265/,B,rct,
blazewicz2025,40177353,Illegal and falsified medicines self-administrated in not approved post-cycle therapy after the cessation of anabolic-androgenic steroids - qualitative analysis.,"Blazewicz A, Poplawska M, Daniszewska B",Front Chem,2025,10.3389/fchem.2025.1536858,https://pubmed.ncbi.nlm.nih.gov/40177353/,C,cohort,
blood_doping2019,31286284,Autologous Blood Transfusion Enhances Exercise Performance-Strength of the Evidence and Physiological Mechanisms,"Solheim SA, Bejder J, Breenfeldt Andersen A",Sports medicine - open,2019,10.1186/s40798-019-0204-1,https://pubmed.ncbi.nlm.nih.gov/31286284/,B,systematic-review,
bloomer2011,22030947,"Effects of 1,3-dimethylamylamine and caffeine alone or in combination on heart rate and blood pressure in healthy men and women.","Bloomer RJ, Harvey IC, Farney TM",Phys Sportsmed,2011,10.3810/psm.2011.09.1927,https://pubmed.ncbi.nlm.nih.gov/22030947/,C,cohort,
bonenti2026,42037159,The Trenbolo(g)ne Sandwich: An International Study Comparing Health Harms Among Men Who Use Anabolic-Androgenic Steroids With and Without Trenbolone.,"Bonenti B, Ahmadinejad B, Puljević C",Drug Alcohol Rev,2026,10.1111/dar.70162,https://pubmed.ncbi.nlm.nih.gov/42037159/,C,cohort,
boozer2002,12032741,Herbal ephedra/caffeine for weight loss: a 6-month randomized safety and efficacy trial.,"Boozer CN, Daly PA, Homel P",Int J Obes Relat Metab Disord,2002,10.1038/sj.ijo.0802023,https://pubmed.ncbi.nlm.nih.gov/12032741/,C,cohort,
boron_review2015,26770156,Nothing Boring About Boron,Pizzorno L,"Integrative medicine (Encinitas, Calif.)",2015,,https://pubmed.ncbi.nlm.nih.gov/26770156/,C,review,
bpc157_2025,40005999,Multifunctionality and Possible Medical Application of the BPC 157 Peptide-Literature and Patent Review,"Józwiak M, Bauer M, Kamysz W","Pharmaceuticals (Basel, Switzerland)",2025,10.3390/ph18020185,https://pubmed.ncbi.nlm.nih.gov/40005999/,C,review,
bpc157_sr2025,40756949,Emerging Use of BPC-157 in Orthopaedic Sports Medicine: A Systematic Review,"Vasireddi N, Hahamyan H, Salata MJ",HSS journal : the musculoskeletal journal of Hospital for Special Surgery,2025,10.1177/15563316251355551,https://pubmed.ncbi.nlm.nih.gov/40756949/,B,systematic-review,
breenfeldt2023,36317927,Microdoses of Recombinant Human Erythropoietin Enhance Time Trial Performance in Trained Males and Females.,"Breenfeldt Andersen A, Graae J, Bejder J",Med Sci Sports Exerc,2023,10.1249/MSS.0000000000003052,https://pubmed.ncbi.nlm.nih.gov/36317927/,C,cohort,
breenfeldt2024,36229224,"Contemporary blood doping-Performance, mechanism, and detection.","Breenfeldt Andersen A, Nordsborg NB, Bonne TC",Scand J Med Sci Sports,2024,10.1111/sms.14243,https://pubmed.ncbi.nlm.nih.gov/36229224/,C,cohort,
brown2001,11601567,Endocrine and lipid responses to chronic androstenediol-herbal supplementation in 30 to 58 year old men.,"Brown GA, Vukovich MD, Martini ER",J Am Coll Nutr,2001,10.1080/07315724.2001.10719061,https://pubmed.ncbi.nlm.nih.gov/11601567/,C,cohort,
brown2002,11744653,Acute hormonal response to sublingual androstenediol intake in young men.,"Brown GA, Martini ER, Roberts BS",J Appl Physiol (1985),2002,10.1152/jappl.2002.92.1.142,https://pubmed.ncbi.nlm.nih.gov/11744653/,C,cohort,
cabergoline_valve_meta2009,19246980,Cabergoline therapy and the risk of cardiac valve regurgitation in patients with hyperprolactinemia: a meta-analysis from clinical studies.,"Bogazzi F, Manetti L, Raffaelli V",J Endocrinol Invest,2008,10.1007/BF03345662,https://pubmed.ncbi.nlm.nih.gov/19246980/,A,meta-analysis,
cabergoline_valve_review2010,20130078,Clinical Review#: Potential cardiac valve effects of dopamine agonists in hyperprolactinemia.,"Valassi E, Klibanski A, Biller BM",J Clin Endocrinol Metab,2010,10.1210/jc.2009-2095,https://pubmed.ncbi.nlm.nih.gov/20130078/,B,review,
cabergoline_valve2007,17202453,Dopamine agonists and the risk of cardiac-valve regurgitation.,"Schade R, Andersohn F, Suissa S",N Engl J Med,2007,10.1056/NEJMoa062222,https://pubmed.ncbi.nlm.nih.gov/17202453/,C,cohort,
cabrales2013,23099431,Pharmacokinetic study of Growth Hormone-Releasing Peptide 6 (GHRP-6) in nine male healthy volunteers.,"Cabrales A, Gil J, Fernández E",Eur J Pharm Sci,2013,10.1016/j.ejps.2012.10.006,https://pubmed.ncbi.nlm.nih.gov/23099431/,C,cohort,
caffeine_gum_meta2023,35239468,Effects of caffeine chewing gum supplementation on exercise performance: A systematic review and meta-analysis,"Barreto G, Loureiro LMR, Reis CEG",European journal of sport science,2023,10.1080/17461391.2022.2049885,https://pubmed.ncbi.nlm.nih.gov/35239468/,A,meta-analysis,
caffeine_umbrella2020,30926628,Wake up and smell the coffee: caffeine supplementation and exercise performance-an umbrella review of 21 published meta-analyses,"Grgic J, Grgic I, Pickering C",British journal of sports medicine,2020,10.1136/bjsports-2018-100278,https://pubmed.ncbi.nlm.nih.gov/30926628/,A,meta-analysis,
carb_endurance2014,24791914,A step towards personalized sports nutrition: carbohydrate intake during exercise,Jeukendrup A,"Sports medicine (Auckland, N.Z.)",2014,10.1007/s40279-014-0148-z,https://pubmed.ncbi.nlm.nih.gov/24791914/,B,review,
carnitine2020,32359762,Effects of l-carnitine supplementation on weight loss and body composition: A systematic review and meta-analysis of 37 randomized controlled clinical trials with dose-response analysis,"Talenezhad N, Mohammadi M, Ramezani-Jolfaie N",Clinical nutrition ESPEN,2020,10.1016/j.clnesp.2020.03.008,https://pubmed.ncbi.nlm.nih.gov/32359762/,B,meta-analysis,
cbd_sports2023,37808192,Cannabidiol in sports: insights on how CBD could improve performance and recovery,"Rojas-Valverde D, Fallas-Campos A",Frontiers in pharmacology,2023,10.3389/fphar.2023.1210202,https://pubmed.ncbi.nlm.nih.gov/37808192/,B,review,
chaipokam2025,40515826,Good response to oxymetholone in adult aplastic anemia.,"Chaipokam J, Rojnuckarin P",Ann Hematol,2025,10.1007/s00277-025-06460-5,https://pubmed.ncbi.nlm.nih.gov/40515826/,C,cohort,
chitosan_meta2018,30545156,"A Meta-Analysis on Randomised Controlled Clinical Trials Evaluating the Effect of the Dietary Supplement Chitosan on Weight Loss, Lipid Parameters and Blood Pressure","Moraru C, Mincea MM, Frandes M","Medicina (Kaunas, Lithuania)",2018,10.3390/medicina54060109,https://pubmed.ncbi.nlm.nih.gov/30545156/,B,meta-analysis,
chromium_meta2019,31577642,"Effects of chromium supplementation on body composition, human and animal health, and insulin and glucose metabolism",Vincent JB,Current opinion in clinical nutrition and metabolic care,2019,10.1097/MCO.0000000000000604,https://pubmed.ncbi.nlm.nih.gov/31577642/,B,meta-analysis,
citrulline2021,34417881,A critical review of citrulline malate supplementation and exercise performance,"Gough LA, Sparks SA, McNaughton LR",European journal of applied physiology,2021,10.1007/s00421-021-04774-6,https://pubmed.ncbi.nlm.nih.gov/34417881/,B,review,
cjc1295_2009,19386527,"Activation of the GH/IGF-1 axis by CJC-1295, a long-acting GHRH analog, results in serum protein profile changes in normal adult subjects","Sackmann-Sala L, Ding J, Frohman LA",Growth hormone & IGF research : official journal of the Growth Hormone Research Society and the International IGF Research Society,2009,10.1016/j.ghir.2009.03.001,https://pubmed.ncbi.nlm.nih.gov/19386527/,C,rct,
cjc1295_ident2005,15817669,Human growth hormone-releasing factor (hGRF)1-29-albumin bioconjugates activate the GRF receptor on the anterior pituitary in rats: identification of CJC-1295 as a long-lasting GRF analog,"Jetté L, Léger R, Thibaudeau K",Endocrinology,2005,10.1210/en.2004-1286,https://pubmed.ncbi.nlm.nih.gov/15817669/,C,animal,
cjc1295_pk2006,16352683,"Prolonged stimulation of growth hormone (GH) and insulin-like growth factor I secretion by CJC-1295, a long-acting analog of GH-releasing hormone, in healthy adults","Teichman SL, Neale A, Lawrence B",The Journal of clinical endocrinology and metabolism,2006,10.1210/jc.2005-1536,https://pubmed.ncbi.nlm.nih.gov/16352683/,B,pk-study,
cla_meta2007,17490954,Efficacy of conjugated linoleic acid for reducing fat mass: a meta-analysis in humans,"Whigham LD, Watras AC, Schoeller DA",The American journal of clinical nutrition,2007,10.1093/ajcn/85.5.1203,https://pubmed.ncbi.nlm.nih.gov/17490954/,A,meta-analysis,
clenbuterol_cardiac2002,11932573,Chronic clenbuterol administration negatively alters cardiac function,"Sleeper MM, Kearns CF, McKeever KH",Medicine and science in sports and exercise,2002,10.1097/00005768-200204000-00013,https://pubmed.ncbi.nlm.nih.gov/11932573/,C,rct,
clenbuterol2023,37062796,Adverse events of clenbuterol among athletes: a systematic review of case reports and case series,"Kumari S, Pal B, Sahu SK",International journal of legal medicine,2023,10.1007/s00414-023-02996-1,https://pubmed.ncbi.nlm.nih.gov/37062796/,A,systematic-review,
clomiphene_ovulation_rct2023,37520487,Comparing efficacy and safety of stair step protocols for clomiphene citrate and letrozole in ovulation induction for women with polycystic ovary syndrome (PCOS): a randomized controlled clinical trial.,"Al-Thuwaynee S, Swadi AAJ",J Med Life,2023,10.25122/jml-2023-0069,https://pubmed.ncbi.nlm.nih.gov/37520487/,B,rct,
clomiphene_review2026,41863134,"Clomiphene citrate in the management of anovulation: a review of mechanisms, outcomes, and clinical challenges.",Tadesse TM,Gynecol Endocrinol,2026,10.1080/09513590.2026.2646774,https://pubmed.ncbi.nlm.nih.gov/41863134/,B,review,
clostebol_hair2019,30040250,Hair analysis can provide additional information in doping and forensic cases involving clostebol,"Salomone A, Gerace E, Di Corcia D",Drug testing and analysis,2019,10.1002/dta.2469,https://pubmed.ncbi.nlm.nih.gov/30040250/,C,case-report,
clostebol_skin2024,38092130,Biotransformation of anabolic androgenic steroids in human skin cells,"Liu L, Karim Z, Schlörer N",The Journal of steroid biochemistry and molecular biology,2024,10.1016/j.jsbmb.2023.106444,https://pubmed.ncbi.nlm.nih.gov/38092130/,C,in-vitro,
clostebol_transdermal2022,35947101,"Detectability of oxandrolone, metandienone, clostebol and dehydrochloromethyltestosterone in urine after transdermal application","Gessner L, Thevis M, Rothschild MA",Drug testing and analysis,2022,10.1002/dta.3355,https://pubmed.ncbi.nlm.nih.gov/35947101/,C,pk-study,
cmara2026,42714768,Effects of nandrolone decanoate on lean body mass and anemia in adults with chronic kidney disease: a systematic review and meta-analysis.,"Câmara LC, da Costa Viana DP, de Sousa Monte Alto L",Endocrine,2026,10.1007/s12020-026-04771-9,https://pubmed.ncbi.nlm.nih.gov/42714768/,C,cohort,
cohen2019,30188222,The stimulant higenamine in weight loss and sports supplements.,"Cohen PA, Travis JC, Keizers PHJ",Clin Toxicol (Phila),2019,10.1080/15563650.2018.1497171,https://pubmed.ncbi.nlm.nih.gov/30188222/,C,cohort,
cohen2021,33755516,"Nine prohibited stimulants found in sports and weight loss supplements: deterenol, phenpromethamine (Vonedrine), oxilofrine, octodrine, beta-methylphenylethylamine (BMPEA), 1,3-dimethylamylamine (1,3-DMAA), 1,4-dimethylamylamine (1,4-DMAA), 1,3-dimethylbutylamine (1,3-DMBA) and higenamine.","Cohen PA, Travis JC, Vanhee C",Clin Toxicol (Phila),2021,10.1080/15563650.2021.1894333,https://pubmed.ncbi.nlm.nih.gov/33755516/,C,cohort,
collagen_gelatin2017,27852613,Vitamin C-enriched gelatin supplementation before intermittent activity augments collagen synthesis,"Shaw G, Lee-Barthel A, Ross ML",The American journal of clinical nutrition,2017,10.3945/ajcn.116.138594,https://pubmed.ncbi.nlm.nih.gov/27852613/,B,rct,
collagen_tendon2026,41900537,Collagen Supplementation on Tendon-Related Structural and Performance Outcomes: A Systematic Review,"Buchalski A, Jeanfavre M, Altorelli C",Journal of functional morphology and kinesiology,2026,10.3390/jfmk11010130,https://pubmed.ncbi.nlm.nih.gov/41900537/,B,systematic-review,
colostrum_review2019,31256539,Potential use of Colostrum Bovinum supplementation in athletes - A review,"Główka N, Woźniewicz M",Acta scientiarum polonorum. Technologia alimentaria,2019,10.17306/J.AFS.0654,https://pubmed.ncbi.nlm.nih.gov/31256539/,B,review,
concurrent_fat2025,40405489,"Comparison of concurrent, resistance, or aerobic training on body fat loss: a systematic review and meta-analysis","Lafontant K, Rukstela A, Hanson A",Journal of the International Society of Sports Nutrition,2025,10.1080/15502783.2025.2507949,https://pubmed.ncbi.nlm.nih.gov/40405489/,A,meta-analysis,
concurrent_fiber2022,35476184,The Effects of Concurrent Aerobic and Strength Training on Muscle Fiber Hypertrophy: A Systematic Review and Meta-Analysis,"Lundberg TR, Feuerbacher JF, Sünkeler M","Sports medicine (Auckland, N.Z.)",2022,10.1007/s40279-022-01688-x,https://pubmed.ncbi.nlm.nih.gov/35476184/,A,meta-analysis,
concurrent2012,22002517,Concurrent training: a meta-analysis examining interference of aerobic and resistance exercises,"Wilson JM, Marin PJ, Rhea MR",Journal of strength and conditioning research,2012,10.1519/JSC.0b013e31823a3e2d,https://pubmed.ncbi.nlm.nih.gov/22002517/,A,meta-analysis,
contaminants2018,28850291,Prohibited Contaminants in Dietary Supplements,Mathews NM,Sports health,2018,10.1177/1941738117727736,https://pubmed.ncbi.nlm.nih.gov/28850291/,B,review,
coq10_2025,41457257,Coenzyme Q10 supplementation increases blood concentrations but shows limited and inconsistent effects on exercise performance: a systematic review and meta-analysis,"Deng H, Song T, Yin M",The British journal of nutrition,2025,10.1017/S0007114525106211,https://pubmed.ncbi.nlm.nih.gov/41457257/,B,systematic-review,
cordyceps_2017,27408987,Cordyceps militaris Improves Tolerance to High-Intensity Exercise After Acute and Chronic Supplementation,"Hirsch KR, Smith-Ryan AE, Roelofs EJ",Journal of dietary supplements,2017,10.1080/19390211.2016.1203386,https://pubmed.ncbi.nlm.nih.gov/27408987/,C,rct,
cordyceps_negative2004,15118196,Cordyceps Sinensis (CordyMax Cs-4) supplementation does not improve endurance exercise performance,"Parcell AC, Smith JM, Schulthies SS",International journal of sport nutrition and exercise metabolism,2004,10.1123/ijsnem.14.2.236,https://pubmed.ncbi.nlm.nih.gov/15118196/,C,rct,
coskun2025,40609566,"Effects of retatrutide on body composition in people with type 2 diabetes: a substudy of a phase 2, double-blind, parallel-group, placebo-controlled, randomised trial.","Coskun T, Wu Q, Schloot NC",Lancet Diabetes Endocrinol,2025,10.1016/S2213-8587(25)00092-0,https://pubmed.ncbi.nlm.nih.gov/40609566/,C,cohort,
creatine_misconceptions2021,33557850,Common questions and misconceptions about creatine supplementation: what does the scientific evidence really show?,"Antonio J, Candow DG, Forbes SC",Journal of the International Society of Sports Nutrition,2021,10.1186/s12970-021-00412-w,https://pubmed.ncbi.nlm.nih.gov/33557850/,B,review,
creatine_nitrate_2024,38542677,"The Effect of Creatine Nitrate and Caffeine Individually or Combined on Exercise Performance and Cognitive Function: A Randomized, Crossover, Double-Blind, Placebo-Controlled Trial","Mabrey G, Koozehchian MS, Newton AT",Nutrients,2024,10.3390/nu16060766,https://pubmed.ncbi.nlm.nih.gov/38542677/,B,rct,
creatine_women2021,33800439,Creatine Supplementation in Women's Health: A Lifespan Perspective,"Smith-Ryan AE, Cabre HE, Eckerson JM",Nutrients,2021,10.3390/nu13030877,https://pubmed.ncbi.nlm.nih.gov/33800439/,B,review,
curcumin_meta2024,39623590,Evaluation of curcumin intake in reducing exercise-induced muscle damage in athletes: a systematic review,"Daniel Vasile PR, Patricia ML, Marta MS",Journal of the International Society of Sports Nutrition,2024,10.1080/15502783.2024.2434217,https://pubmed.ncbi.nlm.nih.gov/39623590/,A,meta-analysis,
d_ribose_2020,32778175,Effect of D-ribose supplementation on delayed onset muscle soreness induced by plyometric exercise in college students,"Cao W, Qiu J, Cai T",Journal of the International Society of Sports Nutrition,2020,10.1186/s12970-020-00371-8,https://pubmed.ncbi.nlm.nih.gov/32778175/,C,rct,
dahleh2023,37468001,YK11 induces oxidative stress and mitochondrial dysfunction in hippocampus: The interplay between a selective androgen receptor modulator (SARM) and exercise.,"Dahleh MMM, Bortolotto VC, Guerra GP",J Steroid Biochem Mol Biol,2023,10.1016/j.jsbmb.2023.106364,https://pubmed.ncbi.nlm.nih.gov/37468001/,C,cohort,
darbepoetin_esa_net2023,36791280,Erythropoiesis-stimulating agents for anaemia in adults with chronic kidney disease: a network meta-analysis,"Chung EY, Palmer SC, Saglimbene VM",The Cochrane database of systematic reviews,2023,10.1002/14651858.CD010590.pub3,https://pubmed.ncbi.nlm.nih.gov/36791280/,A,meta-analysis,
darbepoetin_review2001,11735636,Darbepoetin alfa,"Ibbotson T, Goa KL",Drugs,2001,10.2165/00003495-200161140-00007,https://pubmed.ncbi.nlm.nih.gov/11735636/,B,review,
deer_antler_2003,14669926,"The effects of deer antler velvet extract or powder supplementation on aerobic power, erythropoiesis, and muscular strength and endurance characteristics","Sleivert G, Burke V, Palmer C",International journal of sport nutrition and exercise metabolism,2003,10.1123/ijsnem.13.3.251,https://pubmed.ncbi.nlm.nih.gov/14669926/,C,rct,
designer_detect2014,24702116,Advances in the detection of designer steroids in anti-doping,"Abushareeda W, Fragkaki A, Vonaparti A",Bioanalysis,2014,10.4155/bio.14.9,https://pubmed.ncbi.nlm.nih.gov/24702116/,C,review,
deventer2011,21479548,Prevalence of legal and illegal stimulating agents in sports.,"Deventer K, Roels K, Delbeke FT",Anal Bioanal Chem,2011,10.1007/s00216-011-4863-0,https://pubmed.ncbi.nlm.nih.gov/21479548/,C,cohort,
dilley1986,3593986,Fluoxymesterone stimulation of tumor marker secretion in patients with breast carcinoma.,"Dilley WG, Haagensen DE Jr, Leight GS Jr",Breast Cancer Res Treat,1986,10.1007/BF01807333,https://pubmed.ncbi.nlm.nih.gov/3593986/,C,cohort,
disordered_eating2024,37949515,Mental Health and Disordered Eating in Athletes,"Kussman A, Choo HJ",Clinics in sports medicine,2024,10.1016/j.csm.2023.07.001,https://pubmed.ncbi.nlm.nih.gov/37949515/,B,review,
diuretic_masking2010,20020372,Masking and manipulation,"Ventura R, Segura J",Handbook of experimental pharmacology,2010,10.1007/978-3-540-79088-4_15,https://pubmed.ncbi.nlm.nih.gov/20020372/,C,review,
diuretics2010,20718736,"The abuse of diuretics as performance-enhancing drugs and masking agents in sport doping: pharmacology, toxicology and analysis","Cadwallader AB, de la Torre X, Tieri A",British journal of pharmacology,2010,10.1111/j.1476-5381.2010.00789.x,https://pubmed.ncbi.nlm.nih.gov/20718736/,B,review,
dnp_death2021,33021407,"Toxicoepidemiology and predictors of death in 2,4-dinitrophenol (DNP) toxicity","Potts AJ, Bowman NJ, Seger DL","Clinical toxicology (Philadelphia, Pa.)",2021,10.1080/15563650.2020.1826505,https://pubmed.ncbi.nlm.nih.gov/33021407/,B,cohort,
dnp2011,21739343,"2,4-dinitrophenol (DNP): a weight loss agent with significant acute toxicity and risk of death","Grundlingh J, Dargan PI, El-Zanfaly M",Journal of medical toxicology : official journal of the American College of Medical Toxicology,2011,10.1007/s13181-011-0162-6,https://pubmed.ncbi.nlm.nih.gov/21739343/,B,review,
dobs2013,23499390,"Effects of enobosarm on muscle wasting and physical function in patients with cancer: a double-blind, randomised controlled phase 2 trial.","Dobs AS, Boccia RV, Croot CC",Lancet Oncol,2013,10.1016/S1470-2045(13)70055-X,https://pubmed.ncbi.nlm.nih.gov/23499390/,C,cohort,
doping_prevalence2024,38763945,Doping Prevalence among U.S. Elite Athletes Subject to Drug Testing under the World Anti-Doping Code,"Davoren AK, Rulison K, Milroy J",Sports medicine - open,2024,10.1186/s40798-024-00721-9,https://pubmed.ncbi.nlm.nih.gov/38763945/,B,cohort,
dose_response2026,41343037,The Resistance Training Dose Response: Meta-Regressions Exploring the Effects of Weekly Volume and Frequency on Muscle Hypertrophy and Strength Gains,"Pelland JC, Remmert JF, Robinson ZP","Sports medicine (Auckland, N.Z.)",2026,10.1007/s40279-025-02344-w,https://pubmed.ncbi.nlm.nih.gov/41343037/,A,meta-analysis,
drid2021,33853685,Patterns of rapid weight loss in elite sambo athletes.,"Drid P, Figlioli F, Lakicevic N",BMC Sports Sci Med Rehabil,2021,10.1186/s13102-021-00267-3,https://pubmed.ncbi.nlm.nih.gov/33853685/,C,cohort,
drostanolone_polymorph2020,32245263,Exploring the Polymorphism of Drostanolone Propionate,"Borodi G, Turza A, Bende A","Molecules (Basel, Switzerland)",2020,10.3390/molecules25061436,https://pubmed.ncbi.nlm.nih.gov/32245263/,C,in-vitro,
ecdysterone_2019,31123801,Ecdysteroids as non-conventional anabolic agent: performance enhancement by ecdysterone supplementation in humans,"Isenmann E, Ambrosio G, Joseph JF",Archives of toxicology,2019,10.1007/s00204-019-02490-x,https://pubmed.ncbi.nlm.nih.gov/31123801/,B,rct,
egcg_2017,27883924,Physiological effects of epigallocatechin-3-gallate (EGCG) on energy expenditure for prospective fat oxidation in humans: A systematic review and meta-analysis,"Kapoor MP, Sugita M, Fukuzawa Y",The Journal of nutritional biochemistry,2017,10.1016/j.jnutbio.2016.10.013,https://pubmed.ncbi.nlm.nih.gov/27883924/,B,review,
egg_protein_2022,34730461,Egg protein supplementation improved upper body muscle strength and protein intake in community-dwelling older adult females who attended congregate meal sites or adult learning centers: A pilot randomized controlled trial,"Ullevig SL, Zuniga K, Austin Lobitz C",Nutrition and health,2022,10.1177/02601060211051592,https://pubmed.ncbi.nlm.nih.gov/34730461/,B,rct,
endocrine_society2014,24423981,Adverse health consequences of performance-enhancing drugs: an Endocrine Society scientific statement,"Pope HG Jr, Wood RI, Rogol A",Endocrine reviews,2014,10.1210/er.2013-1058,https://pubmed.ncbi.nlm.nih.gov/24423981/,A,consensus,
endurance_nutrition2019,31181616,Nutrition and Supplement Update for the Endurance Athlete: Review and Recommendations,"Vitale K, Getzin A",Nutrients,2019,10.3390/nu11061289,https://pubmed.ncbi.nlm.nih.gov/31181616/,B,review,
ephedra2003,12672771,Efficacy and safety of ephedra and ephedrine for weight loss and athletic performance: a meta-analysis,"Shekelle PG, Hardy ML, Morton SC",JAMA,2003,10.1001/jama.289.12.1537,https://pubmed.ncbi.nlm.nih.gov/12672771/,A,meta-analysis,
epistane_cholestasis2020,31894354,"Epistane, an anabolic steroid used for recreational purposes, causes cholestasis with elevated levels of cholic acid conjugates, by upregulating bile acid synthesis (CYP8B1) and cross-talking with nuclear receptors in human hepatocytes","Petrov PD, Fernández-Murga L, Conde I",Archives of toxicology,2020,10.1007/s00204-019-02643-y,https://pubmed.ncbi.nlm.nih.gov/31894354/,C,in-vitro,
epo_erythrocytosis2025,39913688,"Diagnosis, management, and outcomes of drug-induced erythrocytosis: a systematic review","Liu J, Chin-Yee B, Ho J",Blood advances,2025,10.1182/bloodadvances.2024015410,https://pubmed.ncbi.nlm.nih.gov/39913688/,B,systematic-review,
esefeld2021,34765854,The Proteomic Signature of Recombinant Growth Hormone in Recreational Athletes.,"Esefeld M, Pastor A, de la Torre R",J Endocr Soc,2021,10.1210/jendso/bvab156,https://pubmed.ncbi.nlm.nih.gov/34765854/,C,cohort,
espen_protein2014,24814383,Protein intake and exercise for optimal muscle function with aging: recommendations from the ESPEN Expert Group,"Deutz NE, Bauer JM, Barazzoni R","Clinical nutrition (Edinburgh, Scotland)",2014,10.1016/j.clnu.2014.04.007,https://pubmed.ncbi.nlm.nih.gov/24814383/,B,guideline,
exemestane_1992,1525055,"Exemestane (FCE 24304), a new steroidal aromatase inhibitor","di Salle E, Ornati G, Giudici D",The Journal of steroid biochemistry and molecular biology,1992,10.1016/0960-0760(92)90198-r,https://pubmed.ncbi.nlm.nih.gov/1525055/,C,rct,
exemestane_2002,12084475,"Exemestane, a new steroidal aromatase inhibitor of clinical relevance",Lombardi P,Biochimica et biophysica acta,2002,10.1016/s0925-4439(02)00096-0,https://pubmed.ncbi.nlm.nih.gov/12084475/,B,review,
face2017,28113032,"Comparative Efficacy and Safety of Adjuvant Letrozole Versus Anastrozole in Postmenopausal Patients With Hormone Receptor-Positive, Node-Positive Early Breast Cancer: Final Results of the Randomized Phase III Femara Versus Anastrozole Clinical Evaluation (FACE) Trial.","Smith I, Yardley D, Burris H",J Clin Oncol,2017,10.1200/JCO.2016.69.2871,https://pubmed.ncbi.nlm.nih.gov/28113032/,B,rct,
falutz2010,20554713,"Effects of tesamorelin (TH9507), a growth hormone-releasing factor analog, in human immunodeficiency virus-infected patients with excess abdominal fat: a pooled analysis of two multicenter, double-blind placebo-controlled phase 3 trials with safety extension data.","Falutz J, Mamputu JC, Potvin D",J Clin Endocrinol Metab,2010,10.1210/jc.2010-0490,https://pubmed.ncbi.nlm.nih.gov/20554713/,C,cohort,
farooq2018,35541749,Microbial transformation of mestanolone by Macrophomina phaseolina and Cunninghamella blakesleeana and anticancer activities of the transformed products.,"Farooq R, Hussain N, Yousuf S",RSC Adv,2018,10.1039/c8ra01309h,https://pubmed.ncbi.nlm.nih.gov/35541749/,C,cohort,
female_androgen2026,41546595,Androgen Use Among Female Amateur Athletes: A Retrospective Analysis,"Verdegaal TJ, Jansen M, Bond P",Scandinavian journal of medicine & science in sports,2026,10.1111/sms.70207,https://pubmed.ncbi.nlm.nih.gov/41546595/,B,cohort,
female_athlete_issn2023,37221858,International society of sports nutrition position stand: nutritional concerns of the female athlete,"Sims ST, Kerksick CM, Smith-Ryan AE",Journal of the International Society of Sports Nutrition,2023,10.1080/15502783.2023.2204066,https://pubmed.ncbi.nlm.nih.gov/37221858/,A,position-stand,
female_triad2014,24463911,"2014 Female Athlete Triad Coalition Consensus Statement on Treatment and Return to Play of the Female Athlete Triad: 1st International Conference held in San Francisco, California, May 2012 and 2nd International Conference held in Indianapolis, Indiana, May 2013","De Souza MJ, Nattiv A, Joy E",British journal of sports medicine,2014,10.1136/bjsports-2013-093218,https://pubmed.ncbi.nlm.nih.gov/24463911/,B,consensus,
fenugreek_meta2023,36983608,Fenugreek and Its Effects on Muscle Performance: A Systematic Review,Albaker WI,Journal of personalized medicine,2023,10.3390/jpm13030427,https://pubmed.ncbi.nlm.nih.gov/36983608/,B,systematic-review,
fiber2024,38326443,Effects of dietary fibre on metabolic health and obesity,"Deehan EC, Mocanu V, Madsen KL",Nature reviews. Gastroenterology & hepatology,2024,10.1038/s41575-023-00891-z,https://pubmed.ncbi.nlm.nih.gov/38326443/,B,review,
fluoxymesterone_11bhsd2012,22273746,The anabolic androgenic steroid fluoxymesterone inhibits 11β-hydroxysteroid dehydrogenase 2-dependent glucocorticoid inactivation,"Fürstenberger C, Vuorinen A, Da Cunha T",Toxicological sciences : an official journal of the Society of Toxicology,2012,10.1093/toxsci/kfs022,https://pubmed.ncbi.nlm.nih.gov/22273746/,C,in-vitro,
fluoxymesterone_doping2026,41721113,Comprehensive metabolic profiling of fluoxymesterone in vivo by GC-Orbitrap HRMS: a integrated strategy for novel biomarkers discovery in doping analysis,"Su Y, Ge Y, Fang X",Analytical and bioanalytical chemistry,2026,10.1007/s00216-026-06399-0,https://pubmed.ncbi.nlm.nih.gov/41721113/,C,in-vitro,
follistatin_therapy2009,19208403,Inhibition of myostatin with emphasis on follistatin as a therapy for muscle disease,"Rodino-Klapac LR, Haidet AM, Kota J",Muscle & nerve,2009,10.1002/mus.21244,https://pubmed.ncbi.nlm.nih.gov/19208403/,C,review,
frequency2016,27102172,Effects of Resistance Training Frequency on Measures of Muscle Hypertrophy: A Systematic Review and Meta-Analysis,"Schoenfeld BJ, Ogborn D, Krieger JW","Sports medicine (Auckland, N.Z.)",2016,10.1007/s40279-016-0543-8,https://pubmed.ncbi.nlm.nih.gov/27102172/,A,meta-analysis,
friedel2006,16621347,17beta-hydroxy-5alpha-androst-1-en-3-one (1-testosterone) is a potent androgen with anabolic properties.,"Friedel A, Geyer H, Kamber M",Toxicol Lett,2006,10.1016/j.toxlet.2006.03.001,https://pubmed.ncbi.nlm.nih.gov/16621347/,C,cohort,
gershanovich1997,9165504,High-dose toremifene vs tamoxifen in postmenopausal advanced breast cancer.,"Gershanovich M, Hayes DF, Ellmén J",Oncology (Williston Park),1997,,https://pubmed.ncbi.nlm.nih.gov/9165504/,C,cohort,
gh_igf_insulin_epo2023,36736729,"Doping and sports endocrinology: growth hormone, IGF-1, insulin, and erythropoietin","García-Arnés JA, García-Casares N",Revista clinica espanola,2023,10.1016/j.rceng.2023.01.005,https://pubmed.ncbi.nlm.nih.gov/36736729/,B,review,
ghigo1994,8126144,"Growth hormone-releasing activity of hexarelin, a new synthetic hexapeptide, after intravenous, subcutaneous, intranasal, and oral administration in man.","Ghigo E, Arvat E, Gianotti L",J Clin Endocrinol Metab,1994,10.1210/jcem.78.3.8126144,https://pubmed.ncbi.nlm.nih.gov/8126144/,C,cohort,
ghrp6_ghs2017,28830317,Growth Hormone Secretagogue Treatment in Hypogonadal Men Raises Serum Insulin-Like Growth Factor-1 Levels,"Sigalos JT, Pastuszak AW, Allison A",American journal of men's health,2017,10.1177/1557988317718662,https://pubmed.ncbi.nlm.nih.gov/28830317/,C,pk-study,
ghrp6_ipamorelin1998,9849822,"Ipamorelin, the first selective growth hormone secretagogue","Raun K, Hansen BS, Johansen NL",European journal of endocrinology,1998,10.1530/eje.0.1390552,https://pubmed.ncbi.nlm.nih.gov/9849822/,C,animal,
ginseng_2024,38888561,The effect of Panax ginseng supplementation on markers of resistance exercise-induced muscle damage: a systematic review,"Morgans R, Scholten JS, Rhodes D",The Journal of sports medicine and physical fitness,2024,10.23736/S0022-4707.24.15832-X,https://pubmed.ncbi.nlm.nih.gov/38888561/,B,rct,
glp1_bodycomp_meta2025,39719170,Effect of glucagon-like peptide-1 receptor agonists and co-agonists on body composition: Systematic review and network meta-analysis,"Karakasis P, Patoulias D, Fragakis N",Metabolism: clinical and experimental,2025,10.1016/j.metabol.2024.156113,https://pubmed.ncbi.nlm.nih.gov/39719170/,A,meta-analysis,
glp1_safety_meta2022,36578889,Efficacy and Safety of Semaglutide for Weight Loss in Obesity Without Diabetes: A Systematic Review and Meta-Analysis,"Tan HC, Dampil OA, Marquez MM",Journal of the ASEAN Federation of Endocrine Societies,2022,10.15605/jafes.037.02.14,https://pubmed.ncbi.nlm.nih.gov/36578889/,A,meta-analysis,
glucomannan_review2005,16320857,Glucomannan and obesity: a critical review,"Keithley J, Swanson B",Alternative therapies in health and medicine,2005,,https://pubmed.ncbi.nlm.nih.gov/16320857/,C,review,
glucosamine_meta2018,29947998,Effect of glucosamine and chondroitin sulfate in symptomatic knee osteoarthritis: a systematic review and meta-analysis of randomized placebo-controlled trials,"Simental-Mendía M, Sánchez-García A, Vilchez-Cavazos F",Rheumatology international,2018,10.1007/s00296-018-4077-2,https://pubmed.ncbi.nlm.nih.gov/29947998/,A,systematic-review,
glutamine2019,29784526,"The effect of glutamine supplementation on athletic performance, body composition, and immune function: A systematic review and a meta-analysis of clinical trials","Ramezani Ahmadi A, Rayyani E, Bahreini M","Clinical nutrition (Edinburgh, Scotland)",2019,10.1016/j.clnu.2018.05.001,https://pubmed.ncbi.nlm.nih.gov/29784526/,B,systematic-review,
glycine_sleep2024,37874350,Collagen peptide supplementation before bedtime reduces sleep fragmentation and improves cognitive function in physically active males with sleep complaints,"Thomas C, Kingshott RN, Allott KM",European journal of nutrition,2024,10.1007/s00394-023-03267-w,https://pubmed.ncbi.nlm.nih.gov/37874350/,B,rct,
gmez2012,22664392,New potential markers for the detection of boldenone misuse.,"Gómez C, Pozo OJ, Geyer H",J Steroid Biochem Mol Biol,2012,10.1016/j.jsbmb.2012.05.010,https://pubmed.ncbi.nlm.nih.gov/22664392/,C,cohort,
goodrum2023,37749856,Influence of multiple human chorionic gonadotropin administrations on serum and urinary steroid Athlete Biological Passport profiles in males.,"Goodrum JM, Moore C, Crouch AK",Drug Test Anal,2023,10.1002/dta.3579,https://pubmed.ncbi.nlm.nih.gov/37749856/,C,cohort,
grant2026,42696286,Management of non-medical androgen use: a position statement by the Society for Endocrinology.,"Grant B, Jayasena CN, Nag S",Endocr Connect,2026,10.1530/EC-26-0361,https://pubmed.ncbi.nlm.nih.gov/42696286/,C,cohort,
green_coffee_meta2023,37710316,Chlorogenic acid in green bean coffee on body weight: a systematic review and meta-analysis of randomized controlled trials,"Kanchanasurakit S, Saokaew S, Phisalprapa P",Systematic reviews,2023,10.1186/s13643-023-02311-4,https://pubmed.ncbi.nlm.nih.gov/37710316/,B,meta-analysis,
grses2024,39113433,Evaluation of Methenolone Enanthate Efficacy in Preventing MRONJ: A Randomized Trial on Rats.,"Gürses G, Sur E, Cengiz ZO",J Oral Pathol Med,2024,10.1111/jop.13574,https://pubmed.ncbi.nlm.nih.gov/39113433/,C,cohort,
gsk2881078_copd2023,36283827,Selective androgen receptor modulation for muscle weakness in chronic obstructive pulmonary disease: a randomised control trial,"Mohan D, Rossiter H, Watz H",Thorax,2023,10.1136/thorax-2021-218360,https://pubmed.ncbi.nlm.nih.gov/36283827/,B,rct,
gsk2881078_phase1_2017,28449232,"Safety, pharmacokinetics and pharmacological effects of the selective androgen receptor modulator, GSK2881078, in healthy men and postmenopausal women","Clark RV, Walker AC, Andrews S",British journal of clinical pharmacology,2017,10.1111/bcp.13316,https://pubmed.ncbi.nlm.nih.gov/28449232/,C,rct,
gw501516_cancer2025,39993702,GW501516 facilitated tumor immune escape by inhibiting phagocytosis,"Qian J, Guo Y, Khan B",European journal of pharmacology,2025,10.1016/j.ejphar.2025.177418,https://pubmed.ncbi.nlm.nih.gov/39993702/,C,mechanistic,
habscheid1999,10506840,[Severe cholestasis with kidney failure from anabolic steroids in a body builder].,"Habscheid W, Abele U, Dahm HH",Dtsch Med Wochenschr,1999,10.1055/s-2007-1024477,https://pubmed.ncbi.nlm.nih.gov/10506840/,C,cohort,
hall2008,17848938,What is the required energy deficit per unit weight loss?,Hall KD,International journal of obesity (2005),2008,10.1038/sj.ijo.0803720,https://pubmed.ncbi.nlm.nih.gov/17848938/,B,review,
haller2004,15060505,Enhanced stimulant and metabolic effects of combined ephedrine and caffeine.,"Haller CA, Jacob P 3rd, Benowitz NL",Clin Pharmacol Ther,2004,10.1016/j.clpt.2003.11.375,https://pubmed.ncbi.nlm.nih.gov/15060505/,C,cohort,
hbcd_2005,15900642,Fluids containing a highly branched cyclic dextrin influence the gastric emptying rate,"Takii H, Takii Nagao Y, Kometani T",International journal of sports medicine,2005,10.1055/s-2004-820999,https://pubmed.ncbi.nlm.nih.gov/15900642/,C,rct,
hcg_azoospermia2025,39820213,Clinician's guide to the management of azoospermia induced by exogenous testosterone or anabolic-androgenic steroids.,"Hashimi MA, Pinggera GM, Shah R",Asian J Androl,2025,10.4103/aja2024104,https://pubmed.ncbi.nlm.nih.gov/39820213/,B,review,
hcg_detection1998,9657371,Detection of human chorionic gonadotrophin misuse in sports,"Delbeke FT, Van Eenoo P, De Backer P",International journal of sports medicine,1998,10.1055/s-2007-971920,https://pubmed.ncbi.nlm.nih.gov/9657371/,C,mechanistic,
hcg_fertility2024,39190467,Current landscape of fertility induction in males with congenital hypogonadotropic hypogonadism.,"Dwyer AA, McDonald IR, Quinton R",Ann N Y Acad Sci,2024,10.1111/nyas.15214,https://pubmed.ncbi.nlm.nih.gov/39190467/,B,review,
hcg_itt2005,15713727,Low-dose human chorionic gonadotropin maintains intratesticular testosterone in normal men with testosterone-induced gonadotropin suppression.,"Coviello AD, Matsumoto AM, Bremner WJ",J Clin Endocrinol Metab,2005,10.1210/jc.2004-0802,https://pubmed.ncbi.nlm.nih.gov/15713727/,C,cohort,
hcg_monotherapy2019,31408289,Human Chorionic Gonadotropin monotherapy for the treatment of hypogonadal symptoms in men with total testosterone > 300 ng/dL.,"Madhusoodanan V, Patel P, Lima TFN",Int Braz J Urol,2019,10.1590/S1677-5538.IBJU.2019.0132,https://pubmed.ncbi.nlm.nih.gov/31408289/,C,cohort,
hcg_safety2022,35822152,The Safety of Human Chorionic Gonadotropin Monotherapy Among Men With Previous Exogenous Testosterone Use.,"Rainer Q, Pai R, Zucker I",Cureus,2022,10.7759/cureus.25826,https://pubmed.ncbi.nlm.nih.gov/35822152/,C,cohort,
hcg_sperm_return2017,27855957,Age and duration of testosterone therapy predict time to return of sperm count after human chorionic gonadotropin therapy.,"Kohn TP, Louis MR, Pickett SM",Fertil Steril,2017,10.1016/j.fertnstert.2016.10.004,https://pubmed.ncbi.nlm.nih.gov/27855957/,C,cohort,
hct_detection2009,19187939,Detection of urinary markers for thiazide diuretics after oral administration of hydrochlorothiazide and altizide-relevance to doping control analysis,"Deventer K, Pozo OJ, Van Eenoo P",Journal of chromatography. A,2009,10.1016/j.chroma.2009.01.032,https://pubmed.ncbi.nlm.nih.gov/19187939/,C,in-vitro,
hct_supplements2019,30194914,Multiple incidence of the prescription diuretic hydrochlorothiazide in compounded nutritional supplements,"Favretto D, Visentin S, Scrivano S",Drug testing and analysis,2019,10.1002/dta.2499,https://pubmed.ncbi.nlm.nih.gov/30194914/,C,in-vitro,
healy2003,14602753,High dose growth hormone exerts an anabolic effect at rest and during exercise in endurance-trained athletes.,"Healy ML, Gibney J, Russell-Jones DL",J Clin Endocrinol Metab,2003,10.1210/jc.2002-021872,https://pubmed.ncbi.nlm.nih.gov/14602753/,C,cohort,
hengge2003,12815555,"Oxymetholone for the treatment of HIV-wasting: a double-blind, randomized, placebo-controlled phase III trial in eugonadal men and women.","Hengge UR, Stocks K, Faulkner S",HIV Clin Trials,2003,10.1310/hct.2003.4.3.002,https://pubmed.ncbi.nlm.nih.gov/12815555/,C,cohort,
herbal_weight_loss_meta2020,31984610,Effectiveness of herbal medicines for weight loss: A systematic review and meta-analysis of randomized controlled trials,"Maunder A, Bessell E, Lauche R","Diabetes, obesity & metabolism",2020,10.1111/dom.13973,https://pubmed.ncbi.nlm.nih.gov/31984610/,A,meta-analysis,
hermansen2017,28514721,Impact of GH administration on athletic performance in healthy young adults: A systematic review and meta-analysis of placebo-controlled trials.,"Hermansen K, Bengtsen M, Kjær M",Growth Horm IGF Res,2017,10.1016/j.ghir.2017.05.005,https://pubmed.ncbi.nlm.nih.gov/28514721/,C,cohort,
hernandeznieto1977,198105,Benign liver-cell adenoma associated with long-term administration of an androgenic-anabolic steroid (methandienone).,"Hernandez-Nieto L, Bruguera M, Bombi J",Cancer,1977,10.1002/1097-0142(197710)40:4<1761::aid-cncr2820400454>3.0.co;2-c,https://pubmed.ncbi.nlm.nih.gov/198105/,C,cohort,
heuberger2018,29722428,Futility of current urine salbutamol doping control.,"Heuberger JAAC, van Dijkman SC, Cohen AF",Br J Clin Pharmacol,2018,10.1111/bcp.13619,https://pubmed.ncbi.nlm.nih.gov/29722428/,C,cohort,
hexarelin_cardiac2000,10614623,The growth hormone secretagogue hexarelin improves cardiac function in rats after experimental myocardial infarction,"Tivesten A, Bollano E, Caidahl K",Endocrinology,2000,10.1210/endo.141.1.7249,https://pubmed.ncbi.nlm.nih.gov/10614623/,C,animal,
hexarelin_human2000,11061542,Growth hormone secretagogue binding sites in peripheral human tissues,"Papotti M, Ghè C, Cassoni P",The Journal of clinical endocrinology and metabolism,2000,10.1210/jcem.85.10.6846,https://pubmed.ncbi.nlm.nih.gov/11061542/,C,pk-study,
hexarelin_review2014,25278975,The cardiovascular action of hexarelin,"Mao Y, Tokudome T, Kishimoto I",Journal of geriatric cardiology : JGC,2014,10.11909/j.issn.1671-5411.2014.03.007,https://pubmed.ncbi.nlm.nih.gov/25278975/,C,review,
higenamine_activity2023,37598871,"Testing anabolic activity, potency and mechanisms of action of the phyto-derived beta 2 agonist higenamine","Jiang L, Piribauer M, Kostov T",Toxicology letters,2023,10.1016/j.toxlet.2023.08.007,https://pubmed.ncbi.nlm.nih.gov/37598871/,C,in-vitro,
higenamine_beta2_2021,33369180,β(2) -Adrenoceptor agonist activity of higenamine,"Hudzik TJ, Patel M, Brown A",Drug testing and analysis,2021,10.1002/dta.2992,https://pubmed.ncbi.nlm.nih.gov/33369180/,C,review,
higenamine_plants2022,35161335,Higenamine in Plants as a Source of Unintentional Doping,"Rangelov Kozhuharov V, Ivanov K, Ivanova S","Plants (Basel, Switzerland)",2022,10.3390/plants11030354,https://pubmed.ncbi.nlm.nih.gov/35161335/,C,review,
hiit_mict2017,28513103,A systematic review and meta-analysis of interval training versus moderate-intensity continuous training on body adiposity,"Keating SE, Johnson NA, Mielke GI",Obesity reviews : an official journal of the International Association for the Study of Obesity,2017,10.1111/obr.12536,https://pubmed.ncbi.nlm.nih.gov/28513103/,A,meta-analysis,
hmb_2018,29249685,Effects of beta-hydroxy-beta-methylbutyrate supplementation on strength and body composition in trained and competitive athletes: A meta-analysis of randomized controlled trials,"Sanchez-Martinez J, Santos-Lozano A, Garcia-Hermoso A",Journal of science and medicine in sport,2018,10.1016/j.jsams.2017.11.003,https://pubmed.ncbi.nlm.nih.gov/29249685/,B,meta-analysis,
hmb_negative2020,32456217,Supplementation with the Leucine Metabolite β-hydroxy-β-methylbutyrate (HMB) does not Improve Resistance Exercise-Induced Changes in Body Composition or Strength in Young Subjects: A Systematic Review and Meta-Analysis,"Jakubowski JS, Nunes EA, Teixeira FJ",Nutrients,2020,10.3390/nu12051523,https://pubmed.ncbi.nlm.nih.gov/32456217/,B,rct,
hmg_fsh2020,31905120,Efficacy of follitropin-alpha versus human menopausal gonadotropin for male patients with congenital hypogonadotropic hypogonadism,"Ortaç M, Hıdır M, Çilesiz NC",Turkish journal of urology,2020,10.5152/tud.2019.19177,https://pubmed.ncbi.nlm.nih.gov/31905120/,C,rct,
hmg_puberty_sr2024,38128110,Gonadotropins for pubertal induction in males with hypogonadotropic hypogonadism: systematic review and meta-analysis,"Alexander EC, Faruqi D, Farquhar R",European journal of endocrinology,2024,10.1093/ejendo/lvad166,https://pubmed.ncbi.nlm.nih.gov/38128110/,A,systematic-review,
hmg_review2006,17077946,Hypopituitarism,"Ascoli P, Cavagnini F",Pituitary,2006,10.1007/s11102-006-0416-5,https://pubmed.ncbi.nlm.nih.gov/17077946/,C,review,
hostrup2025,40946331,"Clenbuterol induces lean mass and muscle protein accretion, but attenuates cardiorespiratory fitness and desensitizes muscle β(2)-adrenergic signalling.","Hostrup M, Moesgaard L, Fischer M",J Physiol,2025,10.1113/JP289023,https://pubmed.ncbi.nlm.nih.gov/40946331/,C,cohort,
hrt_arver1997,9497881,Long-term efficacy and safety of a permeation-enhanced testosterone transdermal system in hypogonadal men.,"Arver S, Dobs AS, Meikle AW",Clin Endocrinol (Oxf),1997,10.1046/j.1365-2265.1997.3071113.x,https://pubmed.ncbi.nlm.nih.gov/9497881/,B,rct,
hrt_ayele2021,33486321,Testosterone replacement therapy and the risk of venous thromboembolism: A systematic review and meta-analysis of randomized controlled trials.,"Ayele HT, Brunetti VC, Renoux C",Thromb Res,2021,10.1016/j.thromres.2020.12.029,https://pubmed.ncbi.nlm.nih.gov/33486321/,B,meta-analysis,
hrt_baillargeon2015,26205547,Risk of Venous Thromboembolism in Men Receiving Testosterone Therapy.,"Baillargeon J, Urban RJ, Morgentaler A",Mayo Clin Proc,2015,10.1016/j.mayocp.2015.05.012,https://pubmed.ncbi.nlm.nih.gov/26205547/,B,rct,
hrt_basaria2010,20592293,Adverse events associated with testosterone administration.,"Basaria S, Coviello AD, Travison TG",N Engl J Med,2010,10.1056/NEJMoa1000485,https://pubmed.ncbi.nlm.nih.gov/20592293/,B,rct,
hrt_basheer2025,39908204,Management of Adverse Effects in Testosterone Replacement Therapy.,"Basheer B, Ila V, Barros R",Int Braz J Urol,2025,10.1590/S1677-5538.IBJU.2025.9904,https://pubmed.ncbi.nlm.nih.gov/39908204/,B,rct,
hrt_bhasin1997,9024227,Testosterone replacement increases fat-free mass and muscle size in hypogonadal men.,"Bhasin S, Storer TW, Berman N",J Clin Endocrinol Metab,1997,10.1210/jcem.82.2.3733,https://pubmed.ncbi.nlm.nih.gov/9024227/,B,rct,
hrt_bhasin2000,10959221,The dose-dependent effects of testosterone on sexual function and on muscle mass and function.,Bhasin S,Mayo Clin Proc,2000,,https://pubmed.ncbi.nlm.nih.gov/10959221/,B,rct,
hrt_bhasin2000_2,10683055,Testosterone replacement and resistance exercise in HIV-infected men with weight loss and low testosterone levels.,"Bhasin S, Storer TW, Javanbakht M",JAMA,2000,10.1001/jama.283.6.763,https://pubmed.ncbi.nlm.nih.gov/10683055/,B,rct,
hrt_bhasin2001,11701431,Testosterone dose-response relationships in healthy young men.,"Bhasin S, Woodhouse L, Casaburi R",Am J Physiol Endocrinol Metab,2001,10.1152/ajpendo.2001.281.6.E1172,https://pubmed.ncbi.nlm.nih.gov/11701431/,B,rct,
hrt_bhasin2005,15562020,Older men are as responsive as young men to the anabolic effects of graded doses of testosterone on the skeletal muscle.,"Bhasin S, Woodhouse L, Casaburi R",J Clin Endocrinol Metab,2005,10.1210/jc.2004-1184,https://pubmed.ncbi.nlm.nih.gov/15562020/,B,rct,
hrt_bhasin2018,30366567,Effect of testosterone replacement on measures of mobility in older men with mobility limitation and low testosterone concentrations: secondary analyses of the Testosterone Trials.,"Bhasin S, Ellenberg SS, Storer TW",Lancet Diabetes Endocrinol,2018,10.1016/S2213-8587(18)30171-2,https://pubmed.ncbi.nlm.nih.gov/30366567/,B,rct,
hrt_bhasin2018_2,29562364,Testosterone Therapy in Men With Hypogonadism: An Endocrine Society Clinical Practice Guideline.,"Bhasin S, Brito JP, Cunningham GR",J Clin Endocrinol Metab,2018,10.1210/jc.2018-00229,https://pubmed.ncbi.nlm.nih.gov/29562364/,B,rct,
hrt_bhasin2023,38150256,Prostate Safety Events During Testosterone Replacement Therapy in Men With Hypogonadism: A Randomized Clinical Trial.,"Bhasin S, Travison TG, Pencina KM",JAMA Netw Open,2023,10.1001/jamanetworkopen.2023.48692,https://pubmed.ncbi.nlm.nih.gov/38150256/,B,rct,
hrt_bhasin2024,38315466,Effect of Testosterone on Progression From Prediabetes to Diabetes in Men With Hypogonadism: A Substudy of the TRAVERSE Randomized Clinical Trial.,"Bhasin S, Lincoff AM, Nissen SE",JAMA Intern Med,2024,10.1001/jamainternmed.2023.7862,https://pubmed.ncbi.nlm.nih.gov/38315466/,B,rct,
hrt_bhasin2024_2,38205962,Depressive Syndromes in Men With Hypogonadism in the TRAVERSE Trial: Response to Testosterone-Replacement Therapy.,"Bhasin S, Seidman S, Travison TG",J Clin Endocrinol Metab,2024,10.1210/clinem/dgae026,https://pubmed.ncbi.nlm.nih.gov/38205962/,B,rct,
hrt_boyle2016,26779889,Endogenous and exogenous testosterone and the risk of prostate cancer and increased prostate-specific antigen (PSA) level: a meta-analysis.,"Boyle P, Koechlin A, Bota M",BJU Int,2016,10.1111/bju.13417,https://pubmed.ncbi.nlm.nih.gov/26779889/,B,meta-analysis,
hrt_budoff2017,28241355,Testosterone Treatment and Coronary Artery Plaque Volume in Older Men With Low Testosterone.,"Budoff MJ, Ellenberg SS, Lewis CE",JAMA,2017,10.1001/jama.2016.21043,https://pubmed.ncbi.nlm.nih.gov/28241355/,B,rct,
hrt_corona2014,24697970,Testosterone supplementation and sexual function: a meta-analysis study.,"Corona G, Isidori AM, Buvat J",J Sex Med,2014,10.1111/jsm.12536,https://pubmed.ncbi.nlm.nih.gov/24697970/,B,meta-analysis,
hrt_corona2016,26537862,THERAPY OF ENDOCRINE DISEASE: Testosterone supplementation and body composition: results from a meta-analysis study.,"Corona G, Giagulli VA, Maseroli E",Eur J Endocrinol,2016,10.1530/EJE-15-0262,https://pubmed.ncbi.nlm.nih.gov/26537862/,B,meta-analysis,
hrt_corona2020,32026626,"European Academy of Andrology (EAA) guidelines on investigation, treatment and monitoring of functional hypogonadism in males: Endorsing organization: European Society of Endocrinology.","Corona G, Goulis DG, Huhtaniemi I",Andrology,2020,10.1111/andr.12770,https://pubmed.ncbi.nlm.nih.gov/32026626/,B,rct,
hrt_corona2022,35041193,Testosterone supplementation and bone parameters: a systematic review and meta-analysis study.,"Corona G, Vena W, Pizzocaro A",J Endocrinol Invest,2022,10.1007/s40618-021-01702-5,https://pubmed.ncbi.nlm.nih.gov/35041193/,B,meta-analysis,
hrt_cruickshank2024,39248210,The effects and safety of testosterone replacement therapy for men with hypogonadism: the TestES evidence synthesis and economic evaluation.,"Cruickshank M, Hudson J, Hernández R",Health Technol Assess,2024,10.3310/JRYT3981,https://pubmed.ncbi.nlm.nih.gov/39248210/,B,rct,
hrt_cui2014,24445948,The effect of testosterone replacement therapy on prostate cancer: a systematic review and meta-analysis.,"Cui Y, Zong H, Yan H",Prostate Cancer Prostatic Dis,2014,10.1038/pcan.2013.60,https://pubmed.ncbi.nlm.nih.gov/24445948/,B,meta-analysis,
hrt_cunningham2016,27355400,Testosterone Treatment and Sexual Function in Older Men With Low Testosterone Levels.,"Cunningham GR, Stephens-Shields AJ, Rosen RC",J Clin Endocrinol Metab,2016,10.1210/jc.2016-1645,https://pubmed.ncbi.nlm.nih.gov/27355400/,B,rct,
hrt_dean2015,26081680,The International Society for Sexual Medicine's Process of Care for the Assessment and Management of Testosterone Deficiency in Adult Men.,"Dean JD, McMahon CG, Guay AT",J Sex Med,2015,10.1111/jsm.12952,https://pubmed.ncbi.nlm.nih.gov/26081680/,B,rct,
hrt_elliott2017,29150464,Testosterone therapy in hypogonadal men: a systematic review and network meta-analysis.,"Elliott J, Kelly SE, Millar AC",BMJ Open,2017,10.1136/bmjopen-2016-015284,https://pubmed.ncbi.nlm.nih.gov/29150464/,B,meta-analysis,
hrt_fernndezbalsells2010,20525906,Clinical review 1: Adverse effects of testosterone therapy in adult men: a systematic review and meta-analysis.,"Fernández-Balsells MM, Murad MH, Lane M",J Clin Endocrinol Metab,2010,10.1210/jc.2009-2575,https://pubmed.ncbi.nlm.nih.gov/20525906/,B,meta-analysis,
hrt_gittelman2019,31551193,Safety of a New Subcutaneous Testosterone Enanthate Auto-Injector: Results of a 26-Week Study.,"Gittelman M, Jaffe JS, Kaminetsky JC",J Sex Med,2019,10.1016/j.jsxm.2019.08.013,https://pubmed.ncbi.nlm.nih.gov/31551193/,B,rct,
hrt_hackett2013,23551886,Testosterone replacement therapy with long-acting testosterone undecanoate improves sexual function and quality-of-life parameters vs. placebo in a population of men with type 2 diabetes.,"Hackett G, Cole N, Bhartia M",J Sex Med,2013,10.1111/jsm.12146,https://pubmed.ncbi.nlm.nih.gov/23551886/,B,rct,
hrt_hackett2016,27124889,Testosterone undecanoate improves sexual function in men with type 2 diabetes and severe hypogonadism: results from a 30-week randomized placebo-controlled study.,"Hackett G, Cole N, Saghir A",BJU Int,2016,10.1111/bju.13516,https://pubmed.ncbi.nlm.nih.gov/27124889/,B,rct,
hrt_isidori2005,16117815,"Effects of testosterone on body composition, bone metabolism and serum lipid profile in middle-aged men: a meta-analysis.","Isidori AM, Giannetta E, Greco EA",Clin Endocrinol (Oxf),2005,10.1111/j.1365-2265.2005.02339.x,https://pubmed.ncbi.nlm.nih.gov/16117815/,B,meta-analysis,
hrt_jones2011,21386088,Testosterone replacement in hypogonadal men with type 2 diabetes and/or metabolic syndrome (the TIMES2 study).,"Jones TH, Arver S, Behre HM",Diabetes Care,2011,10.2337/dc10-1233,https://pubmed.ncbi.nlm.nih.gov/21386088/,B,rct,
hrt_kaminetsky2019,30296416,A 52-Week Study of Dose Adjusted Subcutaneous Testosterone Enanthate in Oil Self-Administered via Disposable Auto-Injector.,"Kaminetsky JC, McCullough A, Hwang K",J Urol,2019,10.1016/j.juro.2018.09.057,https://pubmed.ncbi.nlm.nih.gov/30296416/,B,rct,
hrt_kaufman2011,21492400,Efficacy and safety study of 1.62% testosterone gel for the treatment of hypogonadal men.,"Kaufman JM, Miller MG, Garwin JL",J Sex Med,2011,10.1111/j.1743-6109.2011.02265.x,https://pubmed.ncbi.nlm.nih.gov/21492400/,B,rct,
hrt_khera2016,27914560,Diagnosis and Treatment of Testosterone Deficiency: Recommendations From the Fourth International Consultation for Sexual Medicine (ICSM 2015).,"Khera M, Adaikan G, Buvat J",J Sex Med,2016,10.1016/j.jsxm.2016.10.009,https://pubmed.ncbi.nlm.nih.gov/27914560/,B,rct,
hrt_lee2024,38224135,Testosterone replacement in men with sexual dysfunction.,"Lee H, Hwang EC, Oh CK",Cochrane Database Syst Rev,2024,10.1002/14651858.CD013071.pub2,https://pubmed.ncbi.nlm.nih.gov/38224135/,B,rct,
hrt_lincoff2023,37326322,Cardiovascular Safety of Testosterone-Replacement Therapy.,"Lincoff AM, Bhasin S, Flevaris P",N Engl J Med,2023,10.1056/NEJMoa2215025,https://pubmed.ncbi.nlm.nih.gov/37326322/,B,rct,
hrt_liu2006,16650651,"Rate, extent, and modifiers of spermatogenic recovery after hormonal male contraception: an integrated analysis.","Liu PY, Swerdloff RS, Christenson PD",Lancet,2006,10.1016/S0140-6736(06)68614-5,https://pubmed.ncbi.nlm.nih.gov/16650651/,B,rct,
hrt_lunenfeld2021,34396893,"Recommendations on the diagnosis, treatment and monitoring of testosterone deficiency in men.","Lunenfeld B, Mskhalaya G, Zitzmann M",Aging Male,2021,10.1080/13685538.2021.1962840,https://pubmed.ncbi.nlm.nih.gov/34396893/,B,rct,
hrt_mcnicholas2003,12614254,"A novel testosterone gel formulation normalizes androgen levels in hypogonadal men, with improvements in body composition and sexual function.","McNicholas TA, Dean JD, Mulder H",BJU Int,2003,10.1046/j.1464-410x.2003.04016.x,https://pubmed.ncbi.nlm.nih.gov/12614254/,B,rct,
hrt_melehan2016,26610430,Increased sexual desire with exogenous testosterone administration in men with obstructive sleep apnea: a randomized placebo-controlled study.,"Melehan KL, Hoyos CM, Yee BJ",Andrology,2016,10.1111/andr.12132,https://pubmed.ncbi.nlm.nih.gov/26610430/,B,rct,
hrt_miner2025,39252657,"Safety, efficacy, and pharmacokinetics of oral testosterone undecanoate in males with hypogonadism.","Miner M, Wang C, Kaminetsky J",Andrology,2025,10.1111/andr.13747,https://pubmed.ncbi.nlm.nih.gov/39252657/,B,rct,
hrt_pencina2023,37889486,Efficacy of Testosterone Replacement Therapy in Correcting Anemia in Men With Hypogonadism: A Randomized Clinical Trial.,"Pencina KM, Travison TG, Artz AS",JAMA Netw Open,2023,10.1001/jamanetworkopen.2023.40030,https://pubmed.ncbi.nlm.nih.gov/37889486/,B,rct,
hrt_ponce2018,29562341,"The efficacy and adverse events of testosterone replacement therapy in hypogonadal men: A systematic review and meta-analysis of randomized, placebo-controlled trials.","Ponce OJ, Spencer-Bonilla G, Alvarez-Villalobos N",J Clin Endocrinol Metab,2018,10.1210/jc.2018-00404,https://pubmed.ncbi.nlm.nih.gov/29562341/,B,meta-analysis,
hrt_resnick2017,28241356,Testosterone Treatment and Cognitive Function in Older Men With Low Testosterone and Age-Associated Memory Impairment.,"Resnick SM, Matsumoto AM, Stephens-Shields AJ",JAMA,2017,10.1001/jama.2016.21044,https://pubmed.ncbi.nlm.nih.gov/28241356/,B,rct,
hrt_rivero2023,37126399,Comparison of Hematocrit Change in Testosterone-deficient Men Treated With Intranasal Testosterone Gel vs Intramuscular Testosterone Cypionate: A Randomized Clinical Trial.,"Rivero MJ, Ory J, Diaz P",J Urol,2023,10.1097/JU.0000000000003487,https://pubmed.ncbi.nlm.nih.gov/37126399/,B,rct,
hrt_snyder2016,26886521,Effects of Testosterone Treatment in Older Men.,"Snyder PJ, Bhasin S, Cunningham GR",N Engl J Med,2016,10.1056/NEJMoa1506119,https://pubmed.ncbi.nlm.nih.gov/26886521/,B,rct,
hrt_snyder2017,28241231,Effect of Testosterone Treatment on Volumetric Bone Density and Strength in Older Men With Low Testosterone: A Controlled Clinical Trial.,"Snyder PJ, Kopperdahl DL, Stephens-Shields AJ",JAMA Intern Med,2017,10.1001/jamainternmed.2016.9539,https://pubmed.ncbi.nlm.nih.gov/28241231/,B,rct,
hrt_vigen2013,24193080,"Association of testosterone therapy with mortality, myocardial infarction, and stroke in men with low testosterone levels.","Vigen R, O'Donnell CI, Barón AE",JAMA,2013,10.1001/jama.2013.280386,https://pubmed.ncbi.nlm.nih.gov/24193080/,B,rct,
hrt_wang2004,15126525,"Long-term testosterone gel (AndroGel) treatment maintains beneficial effects on sexual function and mood, lean and fat mass, and bone mineral density in hypogonadal men.","Wang C, Cunningham G, Dobs A",J Clin Endocrinol Metab,2004,10.1210/jc.2003-032006,https://pubmed.ncbi.nlm.nih.gov/15126525/,B,rct,
hrt_wang2010,20133964,Pharmacokinetics and safety of long-acting testosterone undecanoate injections in hypogonadal men: an 84-week phase III clinical trial.,"Wang C, Harnett M, Dobs AS",J Androl,2010,10.2164/jandrol.109.009597,https://pubmed.ncbi.nlm.nih.gov/20133964/,B,rct,
hrt_xu2013,23597181,Testosterone therapy and cardiovascular events among men: a systematic review and meta-analysis of placebo-controlled randomized trials.,"Xu L, Freeman G, Cowling BJ",BMC Med,2013,10.1186/1741-7015-11-108,https://pubmed.ncbi.nlm.nih.gov/23597181/,B,meta-analysis,
hypertrophy_nutrition2015,26388782,Nutritional interventions to augment resistance training-induced skeletal muscle hypertrophy,"Morton RW, McGlory C, Phillips SM",Frontiers in physiology,2015,10.3389/fphys.2015.00245,https://pubmed.ncbi.nlm.nih.gov/26388782/,B,review,
ies2004,15014181,A randomized trial of exemestane after two to three years of tamoxifen therapy in postmenopausal women with primary breast cancer.,"Coombes RC, Hall E, Gibson LJ",N Engl J Med,2004,10.1056/NEJMoa040331,https://pubmed.ncbi.nlm.nih.gov/15014181/,B,rct,
igf1_abuse2009,20443773,IGF-I abuse in sport,"Guha N, Dashwood A, Thomas NJ",Current drug abuse reviews,2009,10.2174/1874473710902030263,https://pubmed.ncbi.nlm.nih.gov/20443773/,B,review,
insulin_hypo2019,30527564,Severe Hypoglycemia Due to Cryptic Insulin Use in a Bodybuilder,"Heidet M, Abdel Wahab A, Ebadi V",The Journal of emergency medicine,2019,10.1016/j.jemermed.2018.10.030,https://pubmed.ncbi.nlm.nih.gov/30527564/,C,case-report,
ioc_reds2023,37752011,2023 International Olympic Committee's (IOC) consensus statement on Relative Energy Deficiency in Sport (REDs),"Mountjoy M, Ackerman KE, Bailey DM",British journal of sports medicine,2023,10.1136/bjsports-2023-106994,https://pubmed.ncbi.nlm.nih.gov/37752011/,A,consensus,
ip2012,22777326,Weightlifting's risky new trend: a case series of 41 insulin users.,"Ip EJ, Barnett MJ, Tenerowicz MJ",Curr Sports Med Rep,2012,10.1249/JSR.0b013e31825da97f,https://pubmed.ncbi.nlm.nih.gov/22777326/,C,cohort,
ip2019,31303195,Anabolic steroid users' misuse of non-traditional prescription drugs.,"Ip EJ, Doroudgar S, Lau B",Res Social Adm Pharm,2019,10.1016/j.sapharm.2018.07.003,https://pubmed.ncbi.nlm.nih.gov/31303195/,C,cohort,
iron_female2025,39536912,"Iron deficiency, supplementation, and sports performance in female athletes: A systematic review","Pengelly M, Pumpa K, Pyne DB",Journal of sport and health science,2025,10.1016/j.jshs.2024.101009,https://pubmed.ncbi.nlm.nih.gov/39536912/,A,systematic-review,
issn_beta_alanine2015,26175657,International society of sports nutrition position stand: Beta-Alanine,"Trexler ET, Smith-Ryan AE, Stout JR",Journal of the International Society of Sports Nutrition,2015,10.1186/s12970-015-0090-y,https://pubmed.ncbi.nlm.nih.gov/26175657/,A,position-stand,
issn_bicarbonate2021,34503527,International Society of Sports Nutrition position stand: sodium bicarbonate and exercise performance,"Grgic J, Pedisic Z, Saunders B",Journal of the International Society of Sports Nutrition,2021,10.1186/s12970-021-00458-w,https://pubmed.ncbi.nlm.nih.gov/34503527/,A,position-stand,
issn_caffeine2021,33388079,International society of sports nutrition position stand: caffeine and exercise performance,"Guest NS, VanDusseldorp TA, Nelson MT",Journal of the International Society of Sports Nutrition,2021,10.1186/s12970-020-00383-4,https://pubmed.ncbi.nlm.nih.gov/33388079/,A,position-stand,
issn_creatine2017,28615996,"International Society of Sports Nutrition position stand: safety and efficacy of creatine supplementation in exercise, sport, and medicine","Kreider RB, Kalman DS, Antonio J",Journal of the International Society of Sports Nutrition,2017,10.1186/s12970-017-0173-z,https://pubmed.ncbi.nlm.nih.gov/28615996/,A,position-stand,
issn_diets2017,28630601,International society of sports nutrition position stand: diets and body composition,"Aragon AA, Schoenfeld BJ, Wildman R",Journal of the International Society of Sports Nutrition,2017,10.1186/s12970-017-0174-y,https://pubmed.ncbi.nlm.nih.gov/28630601/,A,position-stand,
issn_protein2017,28642676,International Society of Sports Nutrition Position Stand: protein and exercise,"Jäger R, Kerksick CM, Campbell BI",Journal of the International Society of Sports Nutrition,2017,10.1186/s12970-017-0177-8,https://pubmed.ncbi.nlm.nih.gov/28642676/,A,position-stand,
issn_timing2017,28919842,International society of sports nutrition position stand: nutrient timing,"Kerksick CM, Arent S, Schoenfeld BJ",Journal of the International Society of Sports Nutrition,2017,10.1186/s12970-017-0189-4,https://pubmed.ncbi.nlm.nih.gov/28919842/,A,position-stand,
jacobs2003,12783047,"Effects of ephedrine, caffeine, and their combination on muscular endurance.","Jacobs I, Pasternak H, Bell DG",Med Sci Sports Exerc,2003,10.1249/01.MSS.0000069916.49903.70,https://pubmed.ncbi.nlm.nih.gov/12783047/,C,cohort,
jockenhvel1999,10337859,Influence of various modes of androgen substitution on serum lipids and lipoproteins in hypogonadal men.,"Jockenhövel F, Bullmann C, Schubert M",Metabolism,1999,10.1016/s0026-0495(99)90056-2,https://pubmed.ncbi.nlm.nih.gov/10337859/,C,cohort,
jokipalo2021,33506442,A Netnography and a Survey on Doping Use among Competitive Doping-untested Strength-sport Athletes.,"Jokipalo I, Khudayarov A",Int J Sports Med,2021,10.1055/a-1342-7312,https://pubmed.ncbi.nlm.nih.gov/33506442/,C,cohort,
jones1977,137913,The effects of fluoxymesterone administration on testicular function.,"Jones TM, Fang VS, Landau RL",J Clin Endocrinol Metab,1977,10.1210/jcem-44-1-121,https://pubmed.ncbi.nlm.nih.gov/137913/,C,cohort,
jones1993,8435901,Self-administered subcutaneous human menopausal gonadotrophin for the stimulation of testicular growth and the initiation of spermatogenesis in hypogonadotrophic hypogonadism.,"Jones TH, Darne JF",Clin Endocrinol (Oxf),1993,10.1111/j.1365-2265.1993.tb00994.x,https://pubmed.ncbi.nlm.nih.gov/8435901/,C,cohort,
kantarci2018,29148625,Evaluation of anabolic steroid induced renal damage with sonography in bodybuilders.,"Kantarci UH, Punduk Z, Senarslan O",J Sports Med Phys Fitness,2018,10.23736/S0022-4707.17.06763-9,https://pubmed.ncbi.nlm.nih.gov/29148625/,C,cohort,
katayama1976,1245246,Methyltestosterone treatment of infertility associated with pelvic endometriosis.,"Katayama KP, Manuel M, Jones HW Jr",Fertil Steril,1976,10.1016/s0015-0282(16)41598-0,https://pubmed.ncbi.nlm.nih.gov/1245246/,C,cohort,
ketone_ester2025,40315254,Ketone ester ingestion impairs exercise performance without impacting cognitive function or circulating EPO during acute hypoxic exposure,"Stalmans M, Tominec D, Lauriks W","Journal of applied physiology (Bethesda, Md. : 1985)",2025,10.1152/japplphysiol.00097.2025,https://pubmed.ncbi.nlm.nih.gov/40315254/,B,rct,
king1999,10359391,Effect of oral androstenedione on serum testosterone and adaptations to resistance training in young men: a randomized controlled trial.,"King DS, Sharp RL, Vukovich MD",JAMA,1999,10.1001/jama.281.21.2020,https://pubmed.ncbi.nlm.nih.gov/10359391/,C,cohort,
kintz2021,33991187,"In a Case of Death Involving Steroids, Hair Testing is More Informative than Blood or Urine Testing.","Kintz P, Gheddar L, Blanchot A",J Anal Toxicol,2021,10.1093/jat/bkab048,https://pubmed.ncbi.nlm.nih.gov/33991187/,C,cohort,
kintz2026,40882886,"Knowing the minimal detectable dose can facilitate the interpretation of a hair test result: II. Case example with ibutamoren (MK-677), a growth hormone secretagogue.","Kintz P, Gheddar L",Clin Chim Acta,2026,10.1016/j.cca.2025.120578,https://pubmed.ncbi.nlm.nih.gov/40882886/,C,cohort,
kisspeptin_pcos2024,38589425,Mechanism of elevated LH/FSH ratio in lean PCOS revisited: a path analysis,"Pratama G, Wiweko B, Asmarinah",Scientific reports,2024,10.1038/s41598-024-58064-0,https://pubmed.ncbi.nlm.nih.gov/38589425/,C,cohort,
kisspeptin_rct2026,42549827,Chronic subcutaneous kisspeptin-10 stimulates gonadotropin secretion for 12 days in healthy men,"Yeung AC, Phylactou M, Koysombat K",European journal of endocrinology,2026,10.1093/ejendo/lvag134,https://pubmed.ncbi.nlm.nih.gov/42549827/,B,rct,
kisspeptin_review2022,35837314,The Role of Kisspeptin in the Control of the Hypothalamic-Pituitary-Gonadal Axis and Reproduction,"Xie Q, Kang Y, Zhang C",Frontiers in endocrinology,2022,10.3389/fendo.2022.925206,https://pubmed.ncbi.nlm.nih.gov/35837314/,C,review,
kudwa2010,20392832,"A selective androgen receptor modulator enhances male-directed sexual preference, proceptive behavior, and lordosis behavior in sexually experienced, but not sexually naive, female rats.","Kudwa AE, López FJ, McGivern RF",Endocrinology,2010,10.1210/en.2009-1289,https://pubmed.ncbi.nlm.nih.gov/20392832/,C,cohort,
kwok2013,22715048,Metabolic studies of 1-testosterone in horses.,"Kwok WH, Ho EN, Leung GN",Drug Test Anal,2013,10.1002/dta.1380,https://pubmed.ncbi.nlm.nih.gov/22715048/,C,cohort,
labrie2005,15684350,Tetrahydrogestrinone induces a genomic signature typical of a potent anabolic steroid.,"Labrie F, Luu-The V, Calvo E",J Endocrinol,2005,10.1677/joe.1.05997,https://pubmed.ncbi.nlm.nih.gov/15684350/,C,cohort,
lawrence2004,15238910,Beneficial effects of raloxifene and tamoxifen in the treatment of pubertal gynecomastia.,"Lawrence SE, Faught KA, Vethamuthu J",J Pediatr,2004,10.1016/j.jpeds.2004.03.057,https://pubmed.ncbi.nlm.nih.gov/15238910/,C,cohort,
leder2000,10683057,Oral androstenedione administration and serum testosterone concentrations in young men.,"Leder BZ, Longcope C, Catlin DH",JAMA,2000,10.1001/jama.283.6.779,https://pubmed.ncbi.nlm.nih.gov/10683057/,C,cohort,
lee2021,34324435,Intra-Articular Injection of BPC 157 for Multiple Types of Knee Pain.,"Lee E, Padgett B",Altern Ther Health Med,2021,,https://pubmed.ncbi.nlm.nih.gov/34324435/,C,cohort,
letrozole_ectopic2020,32622660,Aromatase inhibitor letrozole: a novel treatment for ectopic pregnancy,"Mitwally MF, Hozayen WG, Hassanin KMA",Fertility and sterility,2020,10.1016/j.fertnstert.2020.04.001,https://pubmed.ncbi.nlm.nih.gov/32622660/,C,cohort,
letrozole_pharm2022,36243120,"Letrozole: Pharmacology, toxicity and potential therapeutic effects","Mukherjee AG, Wanjari UR, Nagarajan D",Life sciences,2022,10.1016/j.lfs.2022.121074,https://pubmed.ncbi.nlm.nih.gov/36243120/,B,review,
letrozole_trials1998,9556791,Pivotal trials of letrozole: a new aromatase inhibitor,Smith IE,"Oncology (Williston Park, N.Y.)",1998,,https://pubmed.ncbi.nlm.nih.gov/9556791/,B,review,
leucine_no_effect2020,32079916,Leucine Supplementation Has No Further Effect on Training-induced Muscle Adaptations,"DE Andrade IT, Gualano B, Hevia-Larraín V",Medicine and science in sports and exercise,2020,10.1249/MSS.0000000000002307,https://pubmed.ncbi.nlm.nih.gov/32079916/,B,rct,
leung2022,36561105,RAD-140 Drug-Induced Liver Injury.,"Leung K, Yaramada P, Goyal P",Ochsner J,2022,10.31486/toj.22.0005,https://pubmed.ncbi.nlm.nih.gov/36561105/,C,cohort,
lgd3303_bone2009,18847323,Combination treatment with a selective androgen receptor modulator q(SARM) and a bisphosphonate has additive effects in osteopenic female rats,"Vajda EG, Hogue A, Griffiths KN",Journal of bone and mineral research : the official journal of the American Society for Bone and Mineral Research,2009,10.1359/jbmr.081007,https://pubmed.ncbi.nlm.nih.gov/18847323/,C,animal,
lgd3303_equine2023,37224728,Equine in vivo metabolite profiling of the selective androgen receptor modulator LGD-3303 for doping control,"Broberg MN, Knych H, Bondesson U",Journal of pharmaceutical and biomedical analysis,2023,10.1016/j.jpba.2023.115468,https://pubmed.ncbi.nlm.nih.gov/37224728/,C,animal,
lgd3303_pk2009,19017848,"Pharmacokinetics and pharmacodynamics of LGD-3303 [9-chloro-2-ethyl-1-methyl-3-(2,2,2-trifluoroethyl)-3H-pyrrolo-[3,2-f]quinolin-7(6H)-one], an orally available nonsteroidal-selective androgen receptor modulator","Vajda EG, López FJ, Rix P",The Journal of pharmacology and experimental therapeutics,2009,10.1124/jpet.108.146811,https://pubmed.ncbi.nlm.nih.gov/19017848/,C,animal,
li2016,26454425,The efficacy and safety of oxandrolone treatment for patients with severe burns: A systematic review and meta-analysis.,"Li H, Guo Y, Yang Z",Burns,2016,10.1016/j.burns.2015.08.023,https://pubmed.ncbi.nlm.nih.gov/26454425/,C,cohort,
ligandrol_animal2023,37407738,Effects of ligandrol as a selective androgen receptor modulator in a rat model for osteoporosis,"Hoffmann DB, Derout C, Müller-Reiter M",Journal of bone and mineral metabolism,2023,10.1007/s00774-023-01453-8,https://pubmed.ncbi.nlm.nih.gov/37407738/,C,animal,
ligandrol_case2022,36303408,"LGD-4033 and MK-677 use impacts body composition, circulating biomarkers, and skeletal muscle androgenic hormone and receptor content: A case report","Cardaci TD, Machek SB, Wilburn DT",Experimental physiology,2022,10.1113/EP090741,https://pubmed.ncbi.nlm.nih.gov/36303408/,B,case-report,
ligandrol_dili2024,39421081,LGD-4033 and a Case of Drug-Induced Liver Injury: Exploring the Clinical Implications of Off-Label Selective Androgen Receptor Modulator Use in Healthy Adults,"Labban H, Kwait B, Paracha A",Cureus,2024,10.7759/cureus.69601,https://pubmed.ncbi.nlm.nih.gov/39421081/,C,case-report,
liu2008,18347346,Systematic review: the effects of growth hormone on athletic performance.,"Liu H, Bravata DM, Olkin I",Ann Intern Med,2008,10.7326/0003-4819-148-10-200805200-00215,https://pubmed.ncbi.nlm.nih.gov/18347346/,C,cohort,
liu2021,33646527,Stanozolol improves the progression-free survival of patients with high-risk myelodysplastic syndrome after decitabine treatment.,"Liu Y, Yang C, Xue H",Int J Hematol,2021,10.1007/s12185-021-03115-9,https://pubmed.ncbi.nlm.nih.gov/33646527/,C,cohort,
load_meta2017,28834797,Strength and Hypertrophy Adaptations Between Low- vs. High-Load Resistance Training: A Systematic Review and Meta-analysis,"Schoenfeld BJ, Grgic J, Ogborn D",Journal of strength and conditioning research,2017,10.1519/JSC.0000000000002200,https://pubmed.ncbi.nlm.nih.gov/28834797/,A,meta-analysis,
lockner1979,367090,Treatment of refractory anemias with methenolone.,Lockner D,Acta Med Scand,1979,10.1111/j.0954-6820.1979.tb06010.x,https://pubmed.ncbi.nlm.nih.gov/367090/,C,cohort,
look2025,39996356,Body composition changes during weight reduction with tirzepatide in the SURMOUNT-1 study of adults with obesity or overweight.,"Look M, Dunn JP, Kushner RF",Diabetes Obes Metab,2025,10.1111/dom.16275,https://pubmed.ncbi.nlm.nih.gov/39996356/,C,cohort,
lorusso2022,34565686,"A First-in-Human Phase 1 Study of a Novel Selective Androgen Receptor Modulator (SARM), RAD140, in ER+/HER2- Metastatic Breast Cancer.","LoRusso P, Hamilton E, Ma C",Clin Breast Cancer,2022,10.1016/j.clbc.2021.08.003,https://pubmed.ncbi.nlm.nih.gov/34565686/,C,cohort,
low_fat_testosterone2021,33741447,Low-fat diets and testosterone in men: Systematic review and meta-analysis of intervention studies,"Whittaker J, Wu K",The Journal of steroid biochemistry and molecular biology,2021,10.1016/j.jsbmb.2021.105878,https://pubmed.ncbi.nlm.nih.gov/33741447/,B,meta-analysis,
low2012,23081689,Identifying the lowest effective dose of acetazolamide for the prophylaxis of acute mountain sickness: systematic review and meta-analysis.,"Low EV, Avery AJ, Gupta V",BMJ,2012,10.1136/bmj.e6779,https://pubmed.ncbi.nlm.nih.gov/23081689/,C,cohort,
lu2015,25601692,New clostebol metabolites in human urine by liquid chromatography time-of-flight tandem mass spectrometry and their application for doping control.,"Lu J, Fernández-Álvarez M, Yang S",J Mass Spectrom,2015,10.1002/jms.3517,https://pubmed.ncbi.nlm.nih.gov/25601692/,C,cohort,
ma17_2003,14551341,A randomized trial of letrozole in postmenopausal women after five years of tamoxifen therapy for early-stage breast cancer.,"Goss PE, Ingle JN, Martino S",N Engl J Med,2003,10.1056/NEJMoa032312,https://pubmed.ncbi.nlm.nih.gov/14551341/,B,rct,
maca_2009,19781622,A pilot investigation into the effect of maca supplementation on physical activity and sexual desire in sportsmen,"Stone M, Ibarra A, Roller M",Journal of ethnopharmacology,2009,10.1016/j.jep.2009.09.012,https://pubmed.ncbi.nlm.nih.gov/19781622/,C,rct,
madol_discovery2005,15712284,"Another designer steroid: discovery, synthesis, and detection of 'madol' in urine","Sekera MH, Ahrens BD, Chang YC",Rapid communications in mass spectrometry : RCM,2005,10.1002/rcm.1858,https://pubmed.ncbi.nlm.nih.gov/15712284/,C,in-vitro,
madol_micronuclei2008,18951961,Micronucleus induction in V79 cells by the anabolic doping steroids desoxymethyltestosterone (madol) and 19-norandrostenedione,"Dorn SB, Bolt HM, Thevis M",Toxicology letters,2008,10.1016/j.toxlet.2008.09.016,https://pubmed.ncbi.nlm.nih.gov/18951961/,C,in-vitro,
madol_myosin2011,20957349,"Myosin heavy chain expression pattern as a marker for anabolic potency: desoxymethyltestosterone (madol), norandrostenedione and testosterone repress MHC-IIb expression and stimulate MHC-IId/x expression in orchiectomized rat gastrocnemius muscle","Frese S, Velders M, Schleipen B",Archives of toxicology,2011,10.1007/s00204-010-0607-8,https://pubmed.ncbi.nlm.nih.gov/20957349/,C,animal,
magnolini2025,40841640,Harm reduction measures in a recreational gym user with anabolic androgenic steroid dependence: a case report in the context of current best clinical practice.,"Magnolini R, Bottoni SL, Hammer H",Harm Reduct J,2025,10.1186/s12954-025-01294-w,https://pubmed.ncbi.nlm.nih.gov/40841640/,C,cohort,
maltodextrin_2020,32390721,Acute Maltodextrin Supplementation During Resistance Exercise,"Wilburn DT, Machek SB, Cardaci TD",Journal of sports science & medicine,2020,,https://pubmed.ncbi.nlm.nih.gov/32390721/,C,rct,
massoud1996,8954038,"Hexarelin-induced growth hormone, cortisol, and prolactin release: a dose-response study.","Massoud AF, Hindmarsh PC, Brook CG",J Clin Endocrinol Metab,1996,10.1210/jcem.81.12.8954038,https://pubmed.ncbi.nlm.nih.gov/8954038/,C,cohort,
mavros2015,25899102,Oxandrolone Augmentation of Resistance Training in Older Women: A Randomized Trial.,"Mavros Y, O'Neill E, Connerty M",Med Sci Sports Exerc,2015,10.1249/MSS.0000000000000690,https://pubmed.ncbi.nlm.nih.gov/25899102/,C,cohort,
melanocortin_review2014,25096243,Melanocortin receptor agonists in the treatment of male and female sexual dysfunctions: results from basic research and clinical studies,"Ückert S, Bannowsky A, Albrecht K",Expert opinion on investigational drugs,2014,10.1517/13543784.2014.934805,https://pubmed.ncbi.nlm.nih.gov/25096243/,C,review,
melanotan_detect2021,33245851,LC-HRMS characterization of the skin pigmentation and sexual enhancers melanotan II and bremelanotide sold on the black market of performance and image enhancing drugs,"Mestria S, Odoardi S, Frison G",Drug testing and analysis,2021,10.1002/dta.2986,https://pubmed.ncbi.nlm.nih.gov/33245851/,C,in-vitro,
melanotan2_tox2012,23121206,Melanotan II injection resulting in systemic toxicity and rhabdomyolysis,"Nelson ME, Bryant SM, Aks SE","Clinical toxicology (Philadelphia, Pa.)",2012,10.3109/15563650.2012.740637,https://pubmed.ncbi.nlm.nih.gov/23121206/,C,case-report,
mendell2015,25322757,A phase 1/2a follistatin gene therapy trial for becker muscular dystrophy.,"Mendell JR, Sahenk Z, Malik V",Mol Ther,2015,10.1038/mt.2014.200,https://pubmed.ncbi.nlm.nih.gov/25322757/,C,cohort,
menditto2025,40205971,Clostebol detection after transdermal and transmucosal contact. A systematic review.,"Menditto VG, Rossetti G, Ferrarini A",Clin Chem Lab Med,2025,10.1515/cclm-2025-0331,https://pubmed.ncbi.nlm.nih.gov/40205971/,C,cohort,
meriggiola1995,8567093,Testosterone enanthate at a dose of 200 mg/week decreases HDL-cholesterol levels in healthy men.,"Meriggiola MC, Marcovina S, Paulsen CA",Int J Androl,1995,,https://pubmed.ncbi.nlm.nih.gov/8567093/,C,cohort,
mesterolone_enuresis1990,2219614,Treatment of primary nocturnal enuresis by oral androgen mesterolone. A clinical and cystometric study,"el-Sadr A, Sabry AA, Abdel-Rahman M",Urology,1990,10.1016/0090-4295(90)80241-e,https://pubmed.ncbi.nlm.nih.gov/2219614/,C,rct,
mesterolone_gnrh1986,3084373,Gonadotrophin suppression by the synthetic androgen mesterolone in idiopathic oligospermia,"Bhathena RK, Patel DN",Hormone research,1986,10.1159/000180330,https://pubmed.ncbi.nlm.nih.gov/3084373/,C,rct,
mesterolone_oligo1977,872444,The hormone response to a synthetic androgen (mesterolone) in oligospermia,"Jackaman FR, Ansell ID, Ghanadian R",Clinical endocrinology,1977,10.1111/j.1365-2265.1977.tb02020.x,https://pubmed.ncbi.nlm.nih.gov/872444/,C,rct,
metabolic_consequences2024,38536564,"Metabolic Consequences of Anabolic Steroids, Insulin, and Growth Hormone Abuse in Recreational Bodybuilders: Implications for the World Anti-Doping Agency Passport","Di Girolamo FG, Biasinutto C, Mangogna A",Sports medicine - open,2024,10.1186/s40798-024-00697-6,https://pubmed.ncbi.nlm.nih.gov/38536564/,B,review,
methenolone_meat1994,7955383,Effect on sports drug tests of ingesting meat from steroid (methenolone)-treated livestock,"Kicman AT, Cowan DA, Myhre L",Clinical chemistry,1994,,https://pubmed.ncbi.nlm.nih.gov/7955383/,C,in-vitro,
methenolone_metab1990,2242348,Studies on anabolic steroids--4. Identification of new urinary metabolites of methenolone acetate (Primobolan) in human by gas chromatography/mass spectrometry,"Goudreault D, Massé R",The Journal of steroid biochemistry and molecular biology,1990,10.1016/0960-0760(90)90383-v,https://pubmed.ncbi.nlm.nih.gov/2242348/,C,in-vitro,
methenolone1964,14157558,"[CLINICAL USE OF PROTEIN ANABOLIC STEROID ""PRIMOBOLAN"" FOR UROLOGICAL DISEASES]",KOMATSU S,Hinyokika kiyo. Acta urologica Japonica,1964,,https://pubmed.ncbi.nlm.nih.gov/14157558/,B,case-report,
methyltestosterone_dili2016,26881866,Classification of Cholestatic and Necrotic Hepatotoxicants Using Transcriptomics on Human Precision-Cut Liver Slices,"Vatakuti S, Pennings JL, Gore E",Chemical research in toxicology,2016,10.1021/acs.chemrestox.5b00491,https://pubmed.ncbi.nlm.nih.gov/26881866/,C,in-vitro,
methyltestosterone_liver1999,10486791,Liver function in postmenopausal women on estrogen-androgen hormone replacement therapy: a meta-analysis of eight clinical trials,"Gitlin N, Korner P, Yang HM","Menopause (New York, N.Y.)",1999,10.1097/00042192-199906030-00007,https://pubmed.ncbi.nlm.nih.gov/10486791/,A,meta-analysis,
methyltestosterone_oral2025,39291780,Newer formulations of oral testosterone undecanoate: development and liver side effects,"Goldstein I, Chidambaram N, Dobs A",Sexual medicine reviews,2025,10.1093/sxmrev/qeae062,https://pubmed.ncbi.nlm.nih.gov/39291780/,B,review,
methyltrienolone_metab2025,39476435,New metabolites of methyltrienolone by in vitro human microsome and characterized using Liquid Chromatography/High Resolution Mass Spectrometry for doping control purposes,"Yan X, Hou J, Yan S",Journal of pharmaceutical and biomedical analysis,2025,10.1016/j.jpba.2024.116552,https://pubmed.ncbi.nlm.nih.gov/39476435/,C,in-vitro,
mibolerone_breast2008,18515094,"Antiproliferative actions of the synthetic androgen, mibolerone, in breast cancer cells are mediated by both androgen and progesterone receptors","Cops EJ, Bianco-Miotto T, Moore NL",The Journal of steroid biochemistry and molecular biology,2008,10.1016/j.jsbmb.2007.10.014,https://pubmed.ncbi.nlm.nih.gov/18515094/,C,in-vitro,
mibolerone_pca1990,2151880,The synthetic androgen mibolerone induces transient suppression of the transformed phenotype in an androgen responsive human prostatic carcinoma cell line,"Schulz P, Wolf D, Arbusow V",Andrologia,1990,10.1111/j.1439-0272.1990.tb02071.x,https://pubmed.ncbi.nlm.nih.gov/2151880/,C,in-vitro,
micronutrients_2021,34662692,Micronutrients and athletic performance: A review,"Beck KL, von Hurst PR, O'Brien WJ",Food and chemical toxicology : an international journal published for the British Industrial Biological Research Association,2021,10.1016/j.fct.2021.112618,https://pubmed.ncbi.nlm.nih.gov/34662692/,B,review,
miller1983,6605855,Binding of [3H]-methyltrienolone (R1881) by human breast cancers.,"Miller WR, Telford J, Hawkins RA",Eur J Cancer Clin Oncol,1983,10.1016/0277-5379(93)90018-z,https://pubmed.ncbi.nlm.nih.gov/6605855/,C,cohort,
mk677_1998,9467534,"MK-677, an orally active growth hormone secretagogue, reverses diet-induced catabolism","Murphy MG, Plunkett LM, Gertz BJ",The Journal of clinical endocrinology and metabolism,1998,10.1210/jcem.83.2.4551,https://pubmed.ncbi.nlm.nih.gov/9467534/,C,rct,
modafinil_orexin2019,30468674,Modafinil and orexin system: interactions and medico-legal considerations,"Salerno M, Villano I, Nicolosi D",Frontiers in bioscience (Landmark edition),2019,10.2741/4736,https://pubmed.ncbi.nlm.nih.gov/30468674/,C,review,
modafinil_rat2004,15301929,Modafinil facilitates performance on a delayed nonmatching to position swim task in rats,"Ward CP, Harsh JR, York KM","Pharmacology, biochemistry, and behavior",2004,10.1016/j.pbb.2004.05.005,https://pubmed.ncbi.nlm.nih.gov/15301929/,C,animal,
modafinil_vigilance2025,41079714,Stable interindividual differences in modafinil's effect on vigilance during sleep deprivation,"Van Cutsem J, Van Puyvelde M, Van den Berg NH",Frontiers in pharmacology,2025,10.3389/fphar.2025.1607444,https://pubmed.ncbi.nlm.nih.gov/41079714/,C,rct,
morton2018,28698222,"A systematic review, meta-analysis and meta-regression of the effect of protein supplementation on resistance training-induced gains in muscle mass and strength in healthy adults","Morton RW, Murphy KT, McKellar SR",British journal of sports medicine,2018,10.1136/bjsports-2017-097608,https://pubmed.ncbi.nlm.nih.gov/28698222/,A,meta-analysis,
msm_2017,28736511,"Effects of Methylsulfonylmethane (MSM) on exercise-induced oxidative stress, muscle damage, and pain following a half-marathon: a double-blind, randomized, placebo-controlled trial","Withee ED, Tippens KM, Dehen R",Journal of the International Society of Sports Nutrition,2017,10.1186/s12970-017-0181-z,https://pubmed.ncbi.nlm.nih.gov/28736511/,B,rct,
myostatin_review2005,16224249,Muscle regeneration through myostatin inhibition,Wagner KR,Current opinion in rheumatology,2005,10.1097/01.bor.0000184163.61558.ca,https://pubmed.ncbi.nlm.nih.gov/16224249/,C,review,
myostatin2008,18248537,Myostatin inhibition: a potential performance enhancement strategy?,"Fedoruk MN, Rupert JL",Scandinavian journal of medicine & science in sports,2008,10.1111/j.1600-0838.2007.00759.x,https://pubmed.ncbi.nlm.nih.gov/18248537/,B,review,
nandrolone_decanoate1995,8846659,Nandrolone decanoate: pharmacological properties and therapeutic use in osteoporosis,Geusens P,Clinical rheumatology,1995,10.1007/BF02210686,https://pubmed.ncbi.nlm.nih.gov/8846659/,C,review,
nandrolone_pk1997,9103484,"Pharmacokinetics and pharmacodynamics of nandrolone esters in oil vehicle: effects of ester, injection site and injection volume","Minto CF, Howe C, Wishart S",The Journal of pharmacology and experimental therapeutics,1997,,https://pubmed.ncbi.nlm.nih.gov/9103484/,C,mechanistic,
nieschlag2015,25805894,MECHANISMS IN ENDOCRINOLOGY: Medical consequences of doping with anabolic androgenic steroids: effects on reproductive functions,"Nieschlag E, Vorona E",European journal of endocrinology,2015,10.1530/EJE-15-0080,https://pubmed.ncbi.nlm.nih.gov/25805894/,A,review,
nitrate_meta2026,42445795,Effectiveness of beetroot juice on aerobic and anaerobic exercise performance: systematic review and meta-analysis,"Cai C, Huang P, Cheng X",Frontiers in nutrition,2026,10.3389/fnut.2026.1844096,https://pubmed.ncbi.nlm.nih.gov/42445795/,A,meta-analysis,
norbolethone_screen2005,15934041,Screening for unknown synthetic steroids in human urine by liquid chromatography-tandem mass spectrometry,"Thevis M, Geyer H, Mareck U",Journal of mass spectrometry : JMS,2005,10.1002/jms.873,https://pubmed.ncbi.nlm.nih.gov/15934041/,C,in-vitro,
octodrine_dmaa2018,29115866,"Four experimental stimulants found in sports and weight loss supplements: 2-amino-6-methylheptane (octodrine), 1,4-dimethylamylamine (1,4-DMAA), 1,3-dimethylamylamine (1,3-DMAA) and 1,3-dimethylbutylamine (1,3-DMBA)","Cohen PA, Travis JC, Keizers PHJ","Clinical toxicology (Philadelphia, Pa.)",2018,10.1080/15563650.2017.1398328,https://pubmed.ncbi.nlm.nih.gov/29115866/,C,in-vitro,
octodrine_hair2025,39401652,"Heptaminol hair testing to highlight octodrine contamination in supplements, responsible for a doping adverse analytical finding","Alvarez JC, Etting I",Clinica chimica acta; international journal of clinical chemistry,2025,10.1016/j.cca.2024.120002,https://pubmed.ncbi.nlm.nih.gov/39401652/,C,case-report,
octodrine_supplements2018,29461475,Octodrine: New Questions and Challenges in Sport Supplements,"Catalani V, Prilutskaya M, Al-Imam A",Brain sciences,2018,10.3390/brainsci8020034,https://pubmed.ncbi.nlm.nih.gov/29461475/,C,review,
ohss_guideline2016,27678032,Prevention and treatment of moderate and severe ovarian hyperstimulation syndrome: a guideline.,"Practice Committee of the American Society for Reproductive Medicine. Electronic address: ASRM@asrm.org, Practice Committee of the American Society for Reproductive Medicine",Fertil Steril,2016,10.1016/j.fertnstert.2016.08.048,https://pubmed.ncbi.nlm.nih.gov/27678032/,A,guideline,
ohss_review2017,28262238,Prevention and management of ovarian hyperstimulation syndrome.,Nelson SM,Thromb Res,2017,10.1016/S0049-3848(17)30070-1,https://pubmed.ncbi.nlm.nih.gov/28262238/,B,review,
okano2010,21249726,Influence of intravenous administration of growth hormone releasing peptide-2 (GHRP-2) on detection of growth hormone doping: growth hormone isoform profiles in Japanese male subjects.,"Okano M, Nishitani Y, Sato M",Drug Test Anal,2010,10.1002/dta.166,https://pubmed.ncbi.nlm.nih.gov/21249726/,C,cohort,
omega3_2024,38999792,"Omega-3 Fatty Acid Supplementation on Post-Exercise Inflammation, Muscle Damage, Oxidative Response, and Sports Performance in Physically Healthy Adults-A Systematic Review of Randomized Controlled Trials","Fernández-Lázaro D, Arribalzaga S, Gutiérrez-Abejón E",Nutrients,2024,10.3390/nu16132044,https://pubmed.ncbi.nlm.nih.gov/38999792/,B,systematic-review,
overtraining2013,23247672,"Prevention, diagnosis, and treatment of the overtraining syndrome: joint consensus statement of the European College of Sport Science and the American College of Sports Medicine","Meeusen R, Duclos M, Foster C",Medicine and science in sports and exercise,2013,10.1249/MSS.0b013e318279a10a,https://pubmed.ncbi.nlm.nih.gov/23247672/,A,consensus,
oxymetholone_hepatoma1975,48615,Androgen-induced hepatoma,"Farrell GC, Joshua DE, Uren RF","Lancet (London, England)",1975,10.1016/s0140-6736(75)91494-4,https://pubmed.ncbi.nlm.nih.gov/48615/,C,case-report,
oxymetholone_review2001,11440282,Review of oxymetholone: a 17alpha-alkylated anabolic-androgenic steroid,"Pavlatos AM, Fultz O, Monberg MJ",Clinical therapeutics,2001,10.1016/s0149-2918(01)80070-9,https://pubmed.ncbi.nlm.nih.gov/11440282/,B,review,
parkinson2006,16679978,Anabolic androgenic steroids: a survey of 500 users.,"Parkinson AB, Evans NA",Med Sci Sports Exerc,2006,10.1249/01.mss.0000210194.56834.5d,https://pubmed.ncbi.nlm.nih.gov/16679978/,C,cohort,
pct_cessation2025,41032454,"Looking for the Best Way to Come Off Steroids Safely? Exploring Post-Cycle Therapy, Cessation, and Recovery Discourse and Practice in Australian Steroid Consumer Forums.","Easton J, Grant B, Spurling G",Drug Alcohol Rev,2025,10.1111/dar.70042,https://pubmed.ncbi.nlm.nih.gov/41032454/,C,review,
pct_clomiphene2026,42387872,"Clomiphene Citrate in off-Label Post-Cycle Therapy: Mechanisms, Efficacy and Diagnostic Challenges in Endocrine Recovery Following Anabolic Steroid Use.","Bandura A, Furka S, Hromníková D",Andrology,2026,10.1111/andr.70306,https://pubmed.ncbi.nlm.nih.gov/42387872/,C,review,
pct_outcomes2026,41147237,Post-cycle therapy after short-term anabolic-androgenic steroid use: comparative outcomes in recreational bodybuilders.,"İbis MA, Yap T, Satchi M",BJU Int,2026,10.1111/bju.70059,https://pubmed.ncbi.nlm.nih.gov/41147237/,C,cohort,
pea_protein_2015,25628520,"Pea proteins oral supplementation promotes muscle thickness gains during resistance training: a double-blind, randomized, Placebo-controlled clinical trial vs. Whey protein","Babault N, Païzis C, Deley G",Journal of the International Society of Sports Nutrition,2015,10.1186/s12970-014-0064-5,https://pubmed.ncbi.nlm.nih.gov/25628520/,B,rct,
ped_umbrella2024,37688400,Performance-Enhancing Drugs in Healthy Athletes: An Umbrella Review of Systematic Reviews and Meta-analyses,"Warrier AA, Azua EN, Kasson LB",Sports health,2024,10.1177/19417381231197389,https://pubmed.ncbi.nlm.nih.gov/37688400/,A,meta-analysis,
pelton2006,16625823,GW-501516 GlaxoSmithKline/Ligand.,Pelton P,Curr Opin Investig Drugs,2006,,https://pubmed.ncbi.nlm.nih.gov/16625823/,C,cohort,
peptides_2026,41880199,A new era of doping? Use of peptide and peptide-analog drugs in recreational and professional sport and bodybuilding: a critical review,"Coutinho LFD, DE Oliveira Neves LF, Camilo RP",The Journal of sports medicine and physical fitness,2026,10.23736/S0022-4707.26.17773-1,https://pubmed.ncbi.nlm.nih.gov/41880199/,B,review,
petriczko2019,30351442,Treatment of severe primary IGF-1 deficiency using rhIGF-1 preparation - first three years of Polish experience.,"Petriczko E, Jackowski T, Horodnicka-Józwa A",Endokrynol Pol,2019,10.5603/EP.a2018.0074,https://pubmed.ncbi.nlm.nih.gov/30351442/,C,cohort,
phenibut_dependence2021,34000148,Phenibut Dependence and Withdrawal,"Sethi R, Ravishankar DA, Nagireddy R",The primary care companion for CNS disorders,2021,10.4088/PCC.19l02457,https://pubmed.ncbi.nlm.nih.gov/34000148/,C,case-report,
phenibut_withdrawal2023,38112312,"A systematic review of phenibut withdrawal focusing on complications, therapeutic approaches, and single substance versus polysubstance withdrawal","Feldman R, Autry B, Dukes J","Clinical toxicology (Philadelphia, Pa.)",2023,10.1080/15563650.2023.2285702,https://pubmed.ncbi.nlm.nih.gov/38112312/,B,systematic-review,
phosphatidylserine_2008,18662395,The effects of phosphatidylserine on endocrine response to moderate intensity exercise,"Starks MA, Starks SL, Kingsley M",Journal of the International Society of Sports Nutrition,2008,10.1186/1550-2783-5-11,https://pubmed.ncbi.nlm.nih.gov/18662395/,C,rct,
piatkowski2024,39486244,"Examining the association between trenbolone, psychological distress, and aggression among males who use anabolic-androgenic steroids.","Piatkowski T, De Andrade D, Neumann D",Int J Drug Policy,2024,10.1016/j.drugpo.2024.104636,https://pubmed.ncbi.nlm.nih.gov/39486244/,C,cohort,
pihoker1998,9543135,Pharmacokinetics and pharmacodynamics of growth hormone-releasing peptide-2: a phase I study in children.,"Pihoker C, Kearns GL, French D",J Clin Endocrinol Metab,1998,10.1210/jcem.83.4.4744,https://pubmed.ncbi.nlm.nih.gov/9543135/,C,cohort,
pokrywka2014,25179079,Metabolic modulators of the exercise response: doping control analysis of an agonist of the peroxisome proliferator-activated receptor δ (GW501516) and 5-aminoimidazole-4-carboxamide ribonucleotide (AICAR).,"Pokrywka A, Cholbinski P, Kaliszewski P",J Physiol Pharmacol,2014,,https://pubmed.ncbi.nlm.nih.gov/25179079/,C,cohort,
pontzer2021,34385400,Daily energy expenditure through the human life course,"Pontzer H, Yamada Y, Sagayama H","Science (New York, N.Y.)",2021,10.1126/science.abe5017,https://pubmed.ncbi.nlm.nih.gov/34385400/,B,cohort,
post_aas_hypogonadism2025,40678315,Prolonged post-androgen abuse hypogonadism: potential mechanisms and a proposed standardized diagnosis.,"van Os J, Smit DL, Bond P",Front Endocrinol (Lausanne),2025,10.3389/fendo.2025.1621558,https://pubmed.ncbi.nlm.nih.gov/40678315/,B,review,
probiotics2020,32992765,"Gut Microbiota, Probiotics and Physical Performance in Athletes and Physically Active Individuals","Marttinen M, Ala-Jaakkola R, Laitila A",Nutrients,2020,10.3390/nu12102936,https://pubmed.ncbi.nlm.nih.gov/32992765/,B,review,
prohormone_supplements2004,14971436,Dietary supplements,"Maughan RJ, King DS, Lea T",Journal of sports sciences,2004,10.1080/0264041031000140581,https://pubmed.ncbi.nlm.nih.gov/14971436/,B,review,
prokopidis2026,41936385,"Effects of Nandrolone Decanoate on Muscle Strength, Body Composition and Bone Density: A Systematic Review and Meta-Analysis.","Prokopidis K, Ispoglou T, Thompson T",J Cachexia Sarcopenia Muscle,2026,10.1002/jcsm.70276,https://pubmed.ncbi.nlm.nih.gov/41936385/,C,cohort,
proximity_failure2023,36334240,Influence of Resistance Training Proximity-to-Failure on Skeletal Muscle Hypertrophy: A Systematic Review with Meta-analysis,"Refalo MC, Helms ER, Trexler ET","Sports medicine (Auckland, N.Z.)",2023,10.1007/s40279-022-01784-y,https://pubmed.ncbi.nlm.nih.gov/36334240/,A,meta-analysis,
proximity_failure2024,38970765,"Exploring the Dose-Response Relationship Between Estimated Resistance Training Proximity to Failure, Strength Gain, and Muscle Hypertrophy: A Series of Meta-Regressions","Robinson ZP, Pelland JC, Remmert JF","Sports medicine (Auckland, N.Z.)",2024,10.1007/s40279-024-02069-2,https://pubmed.ncbi.nlm.nih.gov/38970765/,A,meta-analysis,
qu2021,33837816,Stanozolol for the treatment of anemic lower-risk myelodysplastic syndromes without del(5q) after failure of epoetin alfa: findings from a retrospective study.,"Qu WY, Zhao L, Tan XC",Ann Hematol,2021,10.1007/s00277-021-04508-w,https://pubmed.ncbi.nlm.nih.gov/33837816/,C,cohort,
quinbolone_erythro1979,544154,[Erythropoietic action of an oral non-17-alkylated anabolic steroid],"Galletti F, Gardi R",La Clinica terapeutica,1979,,https://pubmed.ncbi.nlm.nih.gov/544154/,C,rct,
quinbolone_liver1964,14232832,"THE EFFECT OF A NON-ALKYLATED ANABOLIC STEROID, QUINBOLONE, ON LIVER FUNCTION AND ANTICOAGULANT REQUIREMENTS","PYOERAELAE K, KEKKI M, EISALO A",Annales medicinae internae Fenniae,1964,,https://pubmed.ncbi.nlm.nih.gov/14232832/,C,rct,
quinbolone_liver1965,5324965,"[Considerations on the use of a new non 17-alpha-alkylated anabolic steroid, active orally: quinbolone. Study of liver function]","Finardi G, Pedini G",Rassegna di fisiopatologia clinica e terapeutica,1965,,https://pubmed.ncbi.nlm.nih.gov/5324965/,C,rct,
rad140_heart2024,38864168,Selective androgen receptor modulator abuse-induced heart failure: catastrophic effects of RAD-140 (Testolone),"Skorupski WJ, Marko A, Janus M",Polish archives of internal medicine,2024,10.20452/pamw.16770,https://pubmed.ncbi.nlm.nih.gov/38864168/,C,case-report,
rad140_myocard2022,35233331,Acute Myocarditis From the Use of Selective Androgen Receptor Modulator (SARM) RAD-140 (Testolone),"Padappayil RP, Chandini Arjun A, Vivar Acosta J",Cureus,2022,10.7759/cureus.21663,https://pubmed.ncbi.nlm.nih.gov/35233331/,C,case-report,
rad140_myopericard2024,39157568,"Myopericarditis Following Use of Selective Androgen Receptor Modifier ""RAD-140""","Schwartzman KH, Kohli U, Chaudhuri NR",JACC. Case reports,2024,10.1016/j.jaccas.2024.102423,https://pubmed.ncbi.nlm.nih.gov/39157568/,C,case-report,
raloxifene_more1999,10517716,Reduction of vertebral fracture risk in postmenopausal women with osteoporosis treated with raloxifene: results from a 3-year randomized clinical trial. Multiple Outcomes of Raloxifene Evaluation (MORE) Investigators.,"Ettinger B, Black DM, Mitlak BH",JAMA,1999,10.1001/jama.282.7.637,https://pubmed.ncbi.nlm.nih.gov/10517716/,B,rct,
raloxifene_review2003,12940590,Review on raloxifene: profile of a selective estrogen receptor modulator,Heringa M,International journal of clinical pharmacology and therapeutics,2003,10.5414/cpp41331,https://pubmed.ncbi.nlm.nih.gov/12940590/,B,review,
raloxifene2000,11040275,Raloxifene: A selective estrogen receptor modulator (SERM) with multiple target system effects,Muchmore DB,The oncologist,2000,10.1634/theoncologist.5-5-388,https://pubmed.ncbi.nlm.nih.gov/11040275/,B,review,
raspberry_ketone_2022,34913499,Potential metabolic activities of raspberry ketone,"Li X, Wei T, Wu M",Journal of food biochemistry,2022,10.1111/jfbc.14018,https://pubmed.ncbi.nlm.nih.gov/34913499/,C,review,
ref1989,2680994,Mesterolone and idiopathic male infertility: a double-blind study. World Health Organization Task Force on the Diagnosis and Treatment of Infertility.,,Int J Androl,1989,,https://pubmed.ncbi.nlm.nih.gov/2680994/,C,cohort,
rest_intervals2009,19691365,Rest interval between sets in strength training,"de Salles BF, Simão R, Miranda F","Sports medicine (Auckland, N.Z.)",2009,10.2165/11315230-000000000-00000,https://pubmed.ncbi.nlm.nih.gov/19691365/,B,review,
retatrutide_phase2,37366315,Triple-Hormone-Receptor Agonist Retatrutide for Obesity - A Phase 2 Trial,"Jastreboff AM, Kaplan LM, Frías JP",The New England journal of medicine,2023,10.1056/NEJMoa2301972,https://pubmed.ncbi.nlm.nih.gov/37366315/,B,rct,
rhodiola_review2024,37641937,Rhodiola rosea as an adaptogen to enhance exercise performance: a review of the literature,"Tinsley GM, Jagim AR, Potter GDM",The British journal of nutrition,2024,10.1017/S0007114523001988,https://pubmed.ncbi.nlm.nih.gov/37641937/,B,review,
richardson2007,17367446,Letrozole versus testosterone. a single-center pilot study of HIV-infected men who have sex with men on highly active anti-retroviral therapy (HAART) with hypoactive sexual desire disorder and raised estradiol levels.,"Richardson D, Goldmeier D, Frize G",J Sex Med,2007,10.1111/j.1743-6109.2007.00451.x,https://pubmed.ncbi.nlm.nih.gov/17367446/,C,cohort,
ritchie2012,22943270,Acetazolamide for the prevention of acute mountain sickness--a systematic review and meta-analysis.,"Ritchie ND, Baggott AV, Andrew Todd WT",J Travel Med,2012,10.1111/j.1708-8305.2012.00629.x,https://pubmed.ncbi.nlm.nih.gov/22943270/,C,cohort,
rochoy2022,35660259,"Doping with aromatase inhibitors and oestrogen receptor modulators in steroid users: Analysis of a forum to identify dosages, durations and adverse drug reactions.","Rochoy M, Danel A, Chazard E",Therapie,2022,10.1016/j.therap.2022.03.004,https://pubmed.ncbi.nlm.nih.gov/35660259/,C,cohort,
rom2021,34170576,Effects of range of motion on resistance training adaptations: A systematic review and meta-analysis,"Pallarés JG, Hernández-Belmonte A, Martínez-Cava A",Scandinavian journal of medicine & science in sports,2021,10.1111/sms.14006,https://pubmed.ncbi.nlm.nih.gov/34170576/,A,meta-analysis,
rt_prescription2023,37414459,Resistance training prescription for muscle strength and hypertrophy in healthy adults: a systematic review and Bayesian network meta-analysis,"Currier BS, Mcleod JC, Banfield L",British journal of sports medicine,2023,10.1136/bjsports-2023-106807,https://pubmed.ncbi.nlm.nih.gov/37414459/,A,meta-analysis,
s23_femalerat2010,20444881,Nonsteroidal selective androgen receptor modulators enhance female sexual motivation,"Jones A, Hwang DJ, Duke CB 3rd",The Journal of pharmacology and experimental therapeutics,2010,10.1124/jpet.110.168880,https://pubmed.ncbi.nlm.nih.gov/20444881/,C,animal,
s23_preclin2009,18772237,"Preclinical characterization of a (S)-N-(4-cyano-3-trifluoromethyl-phenyl)-3-(3-fluoro, 4-chlorophenoxy)-2-hydroxy-2-methyl-propanamide: a selective androgen receptor modulator for hormonal male contraception","Jones A, Chen J, Hwang DJ",Endocrinology,2009,10.1210/en.2008-0674,https://pubmed.ncbi.nlm.nih.gov/18772237/,C,animal,
salbutamol_ergogenic2007,17241101,Do inhaled beta(2)-agonists have an ergogenic potential in non-asthmatic competitive athletes?,Kindermann W,"Sports medicine (Auckland, N.Z.)",2007,10.2165/00007256-200737020-00001,https://pubmed.ncbi.nlm.nih.gov/17241101/,B,review,
salbutamol_heart2024,39379505,Left ventricular systolic function after inhalation of beta-2 agonists in healthy athletes,"Persch H, Bizjak DA, Takabayashi K",Scientific reports,2024,10.1038/s41598-024-74095-z,https://pubmed.ncbi.nlm.nih.gov/39379505/,B,rct,
salbutamol_strength2021,33357007,β(2)-Adrenergic agonist salbutamol augments hypertrophy in MHCIIa fibers and sprint mean power output but not muscle force during 11 weeks of resistance training in young men,"Jessen S, Reitelseder S, Kalsen A","Journal of applied physiology (Bethesda, Md. : 1985)",2021,10.1152/japplphysiol.00553.2020,https://pubmed.ncbi.nlm.nih.gov/33357007/,B,rct,
santer2024,39268864,Clinical and cost-effectiveness of spironolactone in treating persistent facial acne in women: SAFA double-blinded RCT.,"Santer M, Lawrence M, Pyne S",Health Technol Assess,2024,10.3310/MYJT6804,https://pubmed.ncbi.nlm.nih.gov/39268864/,C,cohort,
sarm_abuse2025,39755947,Athlete Selective Androgen Receptor Modulators Abuse: A Systematic Review,"Vasireddi N, Hahamyan HA, Gould HP",The American journal of sports medicine,2025,10.1177/03635465241252435,https://pubmed.ncbi.nlm.nih.gov/39755947/,A,systematic-review,
sarm_dili2024,38059982,Selective androgen receptor modulator use and related adverse events including drug-induced liver injury: Analysis of suspected cases,"Leciejewska N, Jędrejko K, Gómez-Renaud VM",European journal of clinical pharmacology,2024,10.1007/s00228-023-03592-3,https://pubmed.ncbi.nlm.nih.gov/38059982/,B,review,
sarm_hepatotox2022,35340496,Selective Androgen Receptor Modulator Induced Hepatotoxicity,"Khan S, Fackler J, Gilani A",Cureus,2022,10.7759/cureus.22239,https://pubmed.ncbi.nlm.nih.gov/35340496/,C,case-report,
sarm_performance_sr2025,39285652,Selective Androgen Receptor Modulators (SARMs) Effects on Physical Performance: A Systematic Review of Randomized Control Trials,"Wen J, Syed B, Leapart J",Clinical endocrinology,2025,10.1111/cen.15135,https://pubmed.ncbi.nlm.nih.gov/39285652/,A,systematic-review,
sarm_review2019,30503797,Selective Androgen Receptor Modulators: Current Knowledge and Clinical Applications,"Solomon ZJ, Mirabal JR, Mazur DJ",Sexual medicine reviews,2019,10.1016/j.sxmr.2018.09.006,https://pubmed.ncbi.nlm.nih.gov/30503797/,B,review,
sarm_safety2023,37218811,Systematic Review of Safety of Selective Androgen Receptor Modulators in Healthy Adults: Implications for Recreational Users,"Vignali JD, Pak KC, Beverley HR",Journal of xenobiotics,2023,10.3390/jox13020017,https://pubmed.ncbi.nlm.nih.gov/37218811/,B,systematic-review,
schifano2022,35366192,Benefits and Harms of 'Smart Drugs' (Nootropics) in Healthy Individuals.,"Schifano F, Catalani V, Sharif S",Drugs,2022,10.1007/s40265-022-01701-7,https://pubmed.ncbi.nlm.nih.gov/35366192/,C,cohort,
sema_vs_tirzepatide,38976257,Semaglutide vs Tirzepatide for Weight Loss in Adults With Overweight or Obesity,"Rodriguez PJ, Goodwin Cartwright BM, Gratzl S",JAMA internal medicine,2024,10.1001/jamainternmed.2024.2525,https://pubmed.ncbi.nlm.nih.gov/38976257/,A,cohort,
semaglutide_select,38740993,Long-term weight loss effects of semaglutide in obesity without diabetes in the SELECT trial,"Ryan DH, Lingvay I, Deanfield J",Nature medicine,2024,10.1038/s41591-024-02996-7,https://pubmed.ncbi.nlm.nih.gov/38740993/,A,rct,
semaglutide_step1,33567185,Once-Weekly Semaglutide in Adults with Overweight or Obesity,"Wilding JPH, Batterham RL, Calanna S",The New England journal of medicine,2021,10.1056/NEJMoa2032183,https://pubmed.ncbi.nlm.nih.gov/33567185/,A,rct,
semaglutide_withdrawal,35441470,Weight regain and cardiometabolic effects after withdrawal of semaglutide: The STEP 1 trial extension,"Wilding JPH, Batterham RL, Davies M","Diabetes, obesity & metabolism",2022,10.1111/dom.14725,https://pubmed.ncbi.nlm.nih.gov/35441470/,B,rct,
serm_clinical2003,12911186,Selective estrogen receptor modulators,Haskell SG,Southern medical journal,2003,10.1097/01.SMJ.0000051146.93190.4A,https://pubmed.ncbi.nlm.nih.gov/12911186/,C,review,
serm_pk2003,12648026,Pharmacokinetics of selective estrogen receptor modulators,"Morello KC, Wurz GT, DeGregorio MW",Clinical pharmacokinetics,2003,10.2165/00003088-200342040-00004,https://pubmed.ncbi.nlm.nih.gov/12648026/,C,review,
serm_repurposing2025,39820645,An update on selective estrogen receptor modulator: repurposing and formulations,"Patel R, James V, Prajapati B",Naunyn-Schmiedeberg's archives of pharmacology,2025,10.1007/s00210-024-03753-w,https://pubmed.ncbi.nlm.nih.gov/39820645/,C,review,
sermorelin_grf1986,2880720,Testing with growth hormone-releasing factor (GRF(1-29)NH2) and somatomedin C measurements for the evaluation of growth hormone deficiency,"Ranke MB, Gruhler M, Rosskamp R",European journal of pediatrics,1986,10.1007/BF02429048,https://pubmed.ncbi.nlm.nih.gov/2880720/,B,cohort,
sermorelin_sc1988,2907992,Subcutaneous treatment with growth hormone-releasing hormone for short stature,"Hernández M, Fragoso J, Barrio R",Hormone research,1988,10.1159/000181072,https://pubmed.ncbi.nlm.nih.gov/2907992/,B,rct,
sermorelin_therapy1987,2886000,Nine months' subcutaneous therapy with synthetic growth hormone releasing factor in children with short stature,"Hümmelink R, Rohwedder R, Sippell WG",Acta paediatrica Scandinavica. Supplement,1987,10.1111/j.1651-2227.1987.tb17098.x,https://pubmed.ncbi.nlm.nih.gov/2886000/,B,rct,
shah2008,18187367,Methasteron-associated cholestatic liver injury: clinicopathologic findings in 5 cases.,"Shah NL, Zacharias I, Khettry U",Clin Gastroenterol Hepatol,2008,10.1016/j.cgh.2007.11.010,https://pubmed.ncbi.nlm.nih.gov/18187367/,C,cohort,
sheffer1977,320930,Methyltestosterone therapy in hereditary angioedema.,"Sheffer AL, Fearon DT, Austen KF",Ann Intern Med,1977,10.7326/0003-4819-86-3-306,https://pubmed.ncbi.nlm.nih.gov/320930/,C,cohort,
shephard1977,606318,Responses to sustained use of anabolic steroid.,"Shephard RJ, Killinger D, Fried T",Br J Sports Med,1977,10.1136/bjsm.11.4.170,https://pubmed.ncbi.nlm.nih.gov/606318/,C,cohort,
shilajit_2026,41613504,Safety and Efficacy of TruBlk™ Shilajit Resin Supplementation on Physical Performance and Blood Biomarkers in Healthy Adults: A 28-Day Open-Label Pilot Study,"Yadav D, Mishra S, Shah KM",Cureus,2026,10.7759/cureus.102372,https://pubmed.ncbi.nlm.nih.gov/41613504/,C,rct,
sleep_meta2022,35708888,Effects of Acute Sleep Loss on Physical Performance: A Systematic and Meta-Analytical Review,"Craven J, McCartney D, Desbrow B","Sports medicine (Auckland, N.Z.)",2022,10.1007/s40279-022-01706-y,https://pubmed.ncbi.nlm.nih.gov/35708888/,A,meta-analysis,
sleep2015,25315456,"Sleep and athletic performance: the effects of sleep loss on exercise performance, and physiological and cognitive responses to exercise","Fullagar HH, Skorski S, Duffield R","Sports medicine (Auckland, N.Z.)",2015,10.1007/s40279-014-0260-0,https://pubmed.ncbi.nlm.nih.gov/25315456/,B,review,
sobolevsky2012,22977012,Detection of PPARδ agonists GW1516 and GW0742 and their metabolites in human urine.,"Sobolevsky T, Dikunets M, Sukhanova I",Drug Test Anal,2012,10.1002/dta.1413,https://pubmed.ncbi.nlm.nih.gov/22977012/,C,cohort,
sodium_hyponatremia2015,25551404,Sodium Supplementation and Exercise-Associated Hyponatremia during Prolonged Exercise,"Hoffman MD, Stuempfle KJ",Medicine and science in sports and exercise,2015,10.1249/MSS.0000000000000599,https://pubmed.ncbi.nlm.nih.gov/25551404/,B,review,
sodium_phosphate_2008,17569583,Sodium phosphate loading improves laboratory cycling time-trial performance in trained cyclists,"Folland JP, Stern R, Brickley G",Journal of science and medicine in sport,2008,10.1016/j.jsams.2007.04.004,https://pubmed.ncbi.nlm.nih.gov/17569583/,B,rct,
sodium_phosphate_2023,37087103,Phosphate Loading Does not Improve 30-km Cycling Time-Trial Performance in Trained Cyclists,"Pope H, Davis M, Delgado-Charro MB",International journal of sport nutrition and exercise metabolism,2023,10.1123/ijsnem.2022-0111,https://pubmed.ncbi.nlm.nih.gov/37087103/,B,rct,
solt2012,22460951,Regulation of circadian behaviour and metabolism by synthetic REV-ERB agonists.,"Solt LA, Wang Y, Banerjee S",Nature,2012,10.1038/nature11030,https://pubmed.ncbi.nlm.nih.gov/22460951/,C,cohort,
sonmez2016,27239638,Chronic anabolic androgenic steroid usage associated with acute coronary syndrome in bodybuilder.,"Sonmez E, Turkdogan KA, Yilmaz C",Turk J Emerg Med,2016,10.1016/j.tjem.2014.11.001,https://pubmed.ncbi.nlm.nih.gov/27239638/,C,cohort,
soy_vs_animal_2018,29722584,No Difference Between the Effects of Supplementing With Soy Protein Versus Animal Protein on Gains in Muscle Mass and Strength in Response to Resistance Exercise,"Messina M, Lynch H, Dickinson JM",International journal of sport nutrition and exercise metabolism,2018,10.1123/ijsnem.2018-0071,https://pubmed.ncbi.nlm.nih.gov/29722584/,B,rct,
spiller2013,23844963,A descriptive study of adverse events from clenbuterol misuse and abuse for weight loss and bodybuilding.,"Spiller HA, James KJ, Scholzen S",Subst Abus,2013,10.1080/08897077.2013.772083,https://pubmed.ncbi.nlm.nih.gov/23844963/,C,cohort,
spironolactone_aldosterone2013,23684063,Does aldosterone blockade improve physical performance in older individuals?,Supiano MA,The American journal of medicine,2013,10.1016/j.amjmed.2013.03.010,https://pubmed.ncbi.nlm.nih.gov/23684063/,C,review,
sporer2008,18469572,Inhaled salbutamol and doping control: effects of dose on urine concentrations.,"Sporer BC, Sheel AW, Taunton J",Clin J Sport Med,2008,10.1097/JSM.0b013e3181705c8c,https://pubmed.ncbi.nlm.nih.gov/18469572/,C,cohort,
sr9009_2024,39059249,Regulation of exercise ability and glycolipid metabolism by synthetic SR9009 analogues as new REV-ERB-α agonists,"Li L, Yang C, Qiao X",Bioorganic & medicinal chemistry,2024,10.1016/j.bmc.2024.117845,https://pubmed.ncbi.nlm.nih.gov/39059249/,C,animal,
star_p2_2006,16754727,Effects of tamoxifen vs raloxifene on the risk of developing invasive breast cancer and other disease outcomes: the NSABP Study of Tamoxifen and Raloxifene (STAR) P-2 trial.,"Vogel VG, Costantino JP, Wickerham DL",JAMA,2006,10.1001/jama.295.23.joc60074,https://pubmed.ncbi.nlm.nih.gov/16754727/,B,rct,
stimac2002,12352300,Androgenic/Anabolic steroid-induced toxic hepatitis.,"Stimac D, Milić S, Dintinjana RD",J Clin Gastroenterol,2002,10.1097/00004836-200210000-00013,https://pubmed.ncbi.nlm.nih.gov/12352300/,C,cohort,
stimulants_wada2008,18500382,Pharmacology of stimulants prohibited by the World Anti-Doping Agency (WADA),Docherty JR,British journal of pharmacology,2008,10.1038/bjp.2008.124,https://pubmed.ncbi.nlm.nih.gov/18500382/,B,review,
subhahar2021,32852865,Detection and identification of ACP-105 and its metabolites in equine urine using LC/MS/MS after oral administration.,"Subhahar MB, Karakka Kal AK, Philip M",Drug Test Anal,2021,10.1002/dta.2918,https://pubmed.ncbi.nlm.nih.gov/32852865/,C,cohort,
sutehall2018,30531464,The Performance Effects of Microdose Recombinant Human Erythropoietin Administration and Carbon Monoxide Rebreathing.,"Sutehall S, Martin-Rincon M, Wang G",Curr Sports Med Rep,2018,10.1249/JSR.0000000000000551,https://pubmed.ncbi.nlm.nih.gov/30531464/,C,cohort,
tamoxifen_ebctcg2005,15894097,Effects of chemotherapy and hormonal therapy for early breast cancer on recurrence and 15-year survival: an overview of the randomised trials.,Early Breast Cancer Trialists' Collaborative Group (EBCTCG),Lancet,2005,10.1016/S0140-6736(05)66544-0,https://pubmed.ncbi.nlm.nih.gov/15894097/,A,meta-analysis,
tamoxifen_p1_1998,9747868,Tamoxifen for prevention of breast cancer: report of the National Surgical Adjuvant Breast and Bowel Project P-1 Study.,"Fisher B, Costantino JP, Wickerham DL",J Natl Cancer Inst,1998,10.1093/jnci/90.18.1371,https://pubmed.ncbi.nlm.nih.gov/9747868/,B,rct,
tart_cherry2021,33440334,Tart Cherry Supplementation and Recovery From Strenuous Exercise: A Systematic Review and Meta-Analysis,"Hill JA, Keane KM, Quinlan R",International journal of sport nutrition and exercise metabolism,2021,10.1123/ijsnem.2020-0145,https://pubmed.ncbi.nlm.nih.gov/33440334/,A,meta-analysis,
taurine2021,34039357,Taurine in sports and exercise,"Kurtz JA, VanDusseldorp TA, Doyle JA",Journal of the International Society of Sports Nutrition,2021,10.1186/s12970-021-00438-0,https://pubmed.ncbi.nlm.nih.gov/34039357/,B,review,
tb500_2026,41966639,Safety and Efficacy of Approved and Unapproved Peptide Therapies for Musculoskeletal Injuries and Athletic Performance,"Mendias CL, Awan TM","Sports medicine (Auckland, N.Z.)",2026,10.1007/s40279-026-02437-0,https://pubmed.ncbi.nlm.nih.gov/41966639/,B,systematic-review,
tb500_doping2012,23084823,"Doping control analysis of TB-500, a synthetic version of an active region of thymosin β₄, in equine urine and plasma by liquid chromatography-mass spectrometry","Ho EN, Kwok WH, Lau MY",Journal of chromatography. A,2012,10.1016/j.chroma.2012.09.043,https://pubmed.ncbi.nlm.nih.gov/23084823/,C,mechanistic,
tesamorelin_hiv2010,20101189,"Effects of tesamorelin, a growth hormone-releasing factor, in HIV-infected patients with abdominal fat accumulation: a randomized placebo-controlled trial with a safety extension","Falutz J, Potvin D, Mamputu JC",Journal of acquired immune deficiency syndromes (1999),2010,10.1097/QAI.0b013e3181cbdaff,https://pubmed.ncbi.nlm.nih.gov/20101189/,B,rct,
tesamorelin_hiv2019,31237318,"The Growth Hormone Releasing Hormone Analogue, Tesamorelin, Decreases Muscle Fat and Increases Muscle Area in Adults with HIV","Adrian S, Scherzinger A, Sanyal A",The Journal of frailty & aging,2019,10.14283/jfa.2018.45,https://pubmed.ncbi.nlm.nih.gov/31237318/,B,rct,
tesamorelin_review2012,22298602,Tesamorelin: a growth hormone-releasing factor analogue for HIV-associated lipodystrophy,"Spooner LM, Olin JL",The Annals of pharmacotherapy,2012,10.1345/aph.1Q629,https://pubmed.ncbi.nlm.nih.gov/22298602/,B,review,
testosterone_boosters2024,37697053,"Do ""testosterone boosters"" really increase serum total testosterone? A systematic review","Morgado A, Tsampoukas G, Sokolakis I",International journal of impotence research,2024,10.1038/s41443-023-00763-9,https://pubmed.ncbi.nlm.nih.gov/37697053/,B,systematic-review,
testosterone_esters_blood2015,26695486,Detection of testosterone esters in blood,"Forsdahl G, Erceg D, Geisendorfer T",Drug testing and analysis,2015,10.1002/dta.1914,https://pubmed.ncbi.nlm.nih.gov/26695486/,C,mechanistic,
tewari2026,42578445,Peptide Supplements and Their Therapeutic Applications in Sports Medicine.,"Tewari K, Liu TP, Im C",Am J Sports Med,2026,10.1177/03635465261464420,https://pubmed.ncbi.nlm.nih.gov/42578445/,C,cohort,
theacrine_2025,40048726,Different doses of theacrine do not improve 4 km cycling time trial performance,"Vieira-Cavalcante V, Schamne J, Gonçalves F","Applied physiology, nutrition, and metabolism = Physiologie appliquee, nutrition et metabolisme",2025,10.1139/apnm-2024-0442,https://pubmed.ncbi.nlm.nih.gov/40048726/,B,rct,
theanine_2010,21040626,The combination of L-theanine and caffeine improves cognitive performance and increases subjective alertness,"Giesbrecht T, Rycroft JA, Rowson MJ",Nutritional neuroscience,2010,10.1179/147683010X12611460764840,https://pubmed.ncbi.nlm.nih.gov/21040626/,B,rct,
thestruppedersen2011,21453640,[Melanotan-induced lentigines and nevi].,"Thestrup-Pedersen K, Søndergaard K",Ugeskr Laeger,2011,,https://pubmed.ncbi.nlm.nih.gov/21453640/,C,cohort,
thg_analysis2009,21083096,Tetrahydrogestrinone analysis and designer steroids revisited,"Pereira HM, Padilha MC, Neto FR",Bioanalysis,2009,10.4155/bio.09.136,https://pubmed.ncbi.nlm.nih.gov/21083096/,C,review,
thg_discovery2005,16004834,Tetrahydrogestrinone: the discovery of a designer steroid,"Malvey TC, Armsey TD 2nd",Current sports medicine reports,2005,10.1007/s11932-005-0041-5,https://pubmed.ncbi.nlm.nih.gov/16004834/,C,review,
thg_micronuclei2008,17764006,Induction of micronuclei in V79 cells by the anabolic doping steroids tetrahydrogestrinone and trenbolone,"Dorn SB, Bolt HM, Thevis M",Archives of toxicology,2008,10.1007/s00204-007-0241-2,https://pubmed.ncbi.nlm.nih.gov/17764006/,C,in-vitro,
third_party2019,31082891,Essential Features of Third-Party Certification Programs for Dietary Supplements: A Consensus Statement,"Eichner AK, Coyles J, Fedoruk M",Current sports medicine reports,2019,10.1249/JSR.0000000000000595,https://pubmed.ncbi.nlm.nih.gov/31082891/,B,consensus,
tirzepatide_surmont,38078870,Continued Treatment With Tirzepatide for Maintenance of Weight Reduction in Adults With Obesity: The SURMOUNT-4 Randomized Clinical Trial,"Aronne LJ, Sattar N, Horn DB",JAMA,2024,10.1001/jama.2023.24945,https://pubmed.ncbi.nlm.nih.gov/38078870/,A,rct,
top5_supplements2024,39408214,The Top 5 Can't-Miss Sport Supplements,"Antonio J, Pereira F, Curtis J",Nutrients,2024,10.3390/nu16193247,https://pubmed.ncbi.nlm.nih.gov/39408214/,B,review,
toremifene_meta2012,23266963,Effects of toremifene versus tamoxifen on breast cancer patients: a meta-analysis.,"Chi F, Wu R, Zeng Y",Breast Cancer,2013,10.1007/s12282-012-0430-6,https://pubmed.ncbi.nlm.nih.gov/23266963/,A,meta-analysis,
toremifene_review2014,25114854,Toremifene in the treatment of breast cancer.,"Mustonen MV, Pyrhönen S, Kellokumpu-Lehtinen PL",World J Clin Oncol,2014,10.5306/wjco.v5.i3.393,https://pubmed.ncbi.nlm.nih.gov/25114854/,C,review,
toremifene_safety2015,25936229,Selective estrogen receptor modulators in clinical practice: a safety overview,"Ellis AJ, Hendrick VM, Williams R",Expert opinion on drug safety,2015,10.1517/14740338.2015.1014799,https://pubmed.ncbi.nlm.nih.gov/25936229/,B,review,
trenbolone2024,38887114,Impact of trenbolone on selected organs,"Borecki R, Byczkiewicz P, Słowikowska-Hilczer J",Endokrynologia Polska,2024,10.5603/ep.99130,https://pubmed.ncbi.nlm.nih.gov/38887114/,C,mechanistic,
trotti2024,39306601,"Modafinil Versus Amphetamine-Dextroamphetamine For Idiopathic Hypersomnia and Narcolepsy Type 2: A Randomized, Blinded, Non-inferiority Trial.","Trotti LM, Blake T, Hoque R",CNS Drugs,2024,10.1007/s40263-024-01122-y,https://pubmed.ncbi.nlm.nih.gov/39306601/,C,cohort,
tryptophan_1988,3246461,Effect of L-tryptophan supplementation on exercise performance,"Segura R, Ventura JL",International journal of sports medicine,1988,10.1055/s-2007-1025027,https://pubmed.ncbi.nlm.nih.gov/3246461/,C,rct,
tyrosine_meta2015,26424423,Effect of tyrosine supplementation on clinical and healthy populations under stress or cognitive demands--A review,"Jongkees BJ, Hommel B, Kühn S",Journal of psychiatric research,2015,10.1016/j.jpsychires.2015.08.014,https://pubmed.ncbi.nlm.nih.gov/26424423/,A,systematic-review,
valerian_2024,37899385,"Standardized Extract of Valeriana officinalis Improves Overall Sleep Quality in Human Subjects with Sleep Complaints: A Randomized, Double-Blind, Placebo-Controlled, Clinical Study","Chandra Shekhar H, Joshua L, Thomas JV",Advances in therapy,2024,10.1007/s12325-023-02708-6,https://pubmed.ncbi.nlm.nih.gov/37899385/,B,rct,
van2001,11417430,"The effects of supplementation with 19-nor-4-androstene-3,17-dione and 19-nor-4-androstene-3,17-diol on body composition and athletic performance in previously weight-trained male athletes.","Van Gammeren D, Falk D, Antonio J",Eur J Appl Physiol,2001,10.1007/s004210100395,https://pubmed.ncbi.nlm.nih.gov/11417430/,C,cohort,
van2002,12297208,Effects of norandrostenedione and norandrostenediol in resistance-trained men.,"van Gammeren D, Falk D, Antonio J",Nutrition,2002,10.1016/s0899-9007(02)00834-1,https://pubmed.ncbi.nlm.nih.gov/12297208/,C,cohort,
vegetarian_athletes2006,16573356,Vegetarian diets : nutritional considerations for athletes,"Venderley AM, Campbell WW","Sports medicine (Auckland, N.Z.)",2006,10.2165/00007256-200636040-00002,https://pubmed.ncbi.nlm.nih.gov/16573356/,B,review,
vitamin_a_toxicity,40901583,Vitamin A toxicity and hepatic pathology: A comprehensive review,"Pestalardo ML, Bevilacqua CS, Amante MF",World journal of hepatology,2025,10.4254/wjh.v17.i8.107738,https://pubmed.ncbi.nlm.nih.gov/40901583/,B,review,
vitamin_c_2023,37417662,Vitamin C Supplementation and Athletic Performance: A Review,"Rogers DR, Lawlor DJ, Moeller JL",Current sports medicine reports,2023,10.1249/JSR.0000000000001083,https://pubmed.ncbi.nlm.nih.gov/37417662/,B,review,
vitamin_e_meta2014,25068790,Effects of vitamin E supplementation on exercise-induced oxidative stress: a meta-analysis,"Stepanyan V, Crowe M, Haleagrahara N","Applied physiology, nutrition, and metabolism = Physiologie appliquee, nutrition et metabolisme",2014,10.1139/apnm-2013-0566,https://pubmed.ncbi.nlm.nih.gov/25068790/,A,meta-analysis,
vitamin_k2_bone2020,32972636,"Calcium, vitamin D, vitamin K2, and magnesium supplementation and skeletal health","Capozzi A, Scambia G, Lello S",Maturitas,2020,10.1016/j.maturitas.2020.05.020,https://pubmed.ncbi.nlm.nih.gov/32972636/,B,review,
vitamin_mineral_athletes2023,37358750,Considerations for the Consumption of Vitamin and Mineral Supplements in Athlete Populations,"Peeling P, Sim M, McKay AKA","Sports medicine (Auckland, N.Z.)",2023,10.1007/s40279-023-01875-4,https://pubmed.ncbi.nlm.nih.gov/37358750/,B,review,
vitd_strength2017,27379960,Effects of Vitamin D Supplementation on Muscle Strength in Athletes: A Systematic Review,"Chiang CM, Ismaeel A, Griffis RB",Journal of strength and conditioning research,2017,10.1519/JSC.0000000000001518,https://pubmed.ncbi.nlm.nih.gov/27379960/,B,systematic-review,
volume_dose2017,27433992,Dose-response relationship between weekly resistance training volume and increases in muscle mass: A systematic review and meta-analysis,"Schoenfeld BJ, Ogborn D, Krieger JW",Journal of sports sciences,2017,10.1080/02640414.2016.1210197,https://pubmed.ncbi.nlm.nih.gov/27433992/,A,meta-analysis,
volume_trained2019,30153194,Resistance Training Volume Enhances Muscle Hypertrophy but Not Strength in Trained Men,"Schoenfeld BJ, Contreras B, Krieger J",Medicine and science in sports and exercise,2019,10.1249/MSS.0000000000001764,https://pubmed.ncbi.nlm.nih.gov/30153194/,B,rct,
waclawovsky2024,39499008,Self-Reported Use of Prohibited Substances and Methods Among Athletes of the Brazilian Delegations.,"Waclawovsky AJ, Ramis TR, Lima FD",Curr Sports Med Rep,2024,10.1249/JSR.0000000000001208,https://pubmed.ncbi.nlm.nih.gov/39499008/,C,cohort,
wada_effects2021,33811295,An Abductive Inference Approach to Assess the Performance-Enhancing Effects of Drugs Included on the World Anti-Doping Agency Prohibited List,"Breenfeldt Andersen A, Jacobson GA, Bejder J","Sports medicine (Auckland, N.Z.)",2021,10.1007/s40279-021-01450-9,https://pubmed.ncbi.nlm.nih.gov/33811295/,B,review,
wagner2008,18335515,A phase I/IItrial of MYO-029 in adult subjects with muscular dystrophy.,"Wagner KR, Fleckenstein JL, Amato AA",Ann Neurol,2008,10.1002/ana.21338,https://pubmed.ncbi.nlm.nih.gov/18335515/,C,cohort,
waight2016,27084902,Case of low dose clenbuterol toxicity.,"Waight M, McGuinness W",BMJ Case Rep,2016,10.1136/bcr-2016-215157,https://pubmed.ncbi.nlm.nih.gov/27084902/,C,cohort,
wang2018,29454882,"1,5-Dimethylhexylamine (octodrine) in sports and weight loss supplements: Natural constituent or synthetic chemical?.","Wang M, Haider S, Chittiboyina AG",J Pharm Biomed Anal,2018,10.1016/j.jpba.2018.02.008,https://pubmed.ncbi.nlm.nih.gov/29454882/,C,cohort,
wang2025,39660819,YK11 promotes osteogenic differentiation of BMSCs and repair of bone defects.,"Wang R, Zhong Y, Du Q",J Mol Endocrinol,2025,10.1530/JME-24-0073,https://pubmed.ncbi.nlm.nih.gov/39660819/,C,cohort,
weight_loss_supplements_2020,32962190,Current Evidence to Propose Different Food Supplements for Weight Loss: A Comprehensive Review,"Watanabe M, Risi R, Masi D",Nutrients,2020,10.3390/nu12092873,https://pubmed.ncbi.nlm.nih.gov/32962190/,A,systematic-review,
white2009,19174493,Effects of an oral growth hormone secretagogue in older adults.,"White HK, Petrie CD, Landschulz W",J Clin Endocrinol Metab,2009,10.1210/jc.2008-0632,https://pubmed.ncbi.nlm.nih.gov/19174493/,C,cohort,
whitehead2012,23882146,"Impact of a dietary supplement containing 1,3-dimethylamylamine on blood pressure and bloodborne markers of health: a 10-week intervention study.","Whitehead PN, Schilling BK, Farney TM",Nutr Metab Insights,2012,10.4137/NMI.S8885,https://pubmed.ncbi.nlm.nih.gov/23882146/,C,cohort,
wolff1978,362297,[Androgen therapy of incurable breast neoplasms. Controlled clinical study: nandrolone-testololactone-drostanolone].,"Wolff G, Rieche K",Onkologie,1978,10.1159/000213943,https://pubmed.ncbi.nlm.nih.gov/362297/,C,cohort,
yoo2021,34832979,Effects of Ephedrine-Containing Products on Weight Loss and Lipid Profiles: A Systematic Review and Meta-Analysis of Randomized Controlled Trials.,"Yoo HJ, Yoon HY, Yee J",Pharmaceuticals (Basel),2021,10.3390/ph14111198,https://pubmed.ncbi.nlm.nih.gov/34832979/,C,cohort,
aas_ecg_lvh2026,41534381,Evaluating ECG Criteria for Diagnosing Left Ventricular Hypertrophy in Anabolic-Androgenic Steroid Users,"Abdullah R, Bjørnebekk A, Hauger LE",JACC. Advances,2026,10.1016/j.jacadv.2025.102499,https://pubmed.ncbi.nlm.nih.gov/41534381/,B,diagnostic-accuracy,
amssm_screening2017,27660369,"AMSSM Position Statement on Cardiovascular Preparticipation Screening in Athletes: Current evidence, knowledge gaps, recommendations and future directions","Drezner JA, O'Connor FG, Harmon KG",British journal of sports medicine,2017,10.1136/bjsports-2016-096781,https://pubmed.ncbi.nlm.nih.gov/27660369/,A,position-stand,
aas_cardiac_echo2017,28533317,Cardiovascular Toxicity of Illicit Anabolic-Androgenic Steroid Use,"Baggish AL, Weiner RB, Kanayama G",Circulation,2017,10.1161/CIRCULATIONAHA.116.026945,https://pubmed.ncbi.nlm.nih.gov/28533317/,B,cohort,
aas_cardiac_protocol2022,35460300,Cardiovascular phenotype of long-term anabolic-androgenic steroid abusers compared with strength-trained athletes,"Fyksen TS, Vanberg P, Gjesdal K",Scandinavian journal of medicine & science in sports,2022,10.1111/sms.14172,https://pubmed.ncbi.nlm.nih.gov/35460300/,C,cohort,
esc_bp2024,39210715,2024 ESC Guidelines for the management of elevated blood pressure and hypertension,"McEvoy JW, McCarthy CP, Bruno RM",European heart journal,2024,10.1093/eurheartj/ehae178,https://pubmed.ncbi.nlm.nih.gov/39210715/,A,guideline,
aha_acc_bp2025,40811516,"2025 AHA/ACC/AANP/AAPA/ABC/ACCP/ACPM/AGS/AMA/ASPC/NMA/PCNA/SGIM Guideline for the Prevention, Detection, Evaluation and Management of High Blood Pressure in Adults: A Report of the American College of Cardiology/American Heart Association Joint Committee on Clinical Practice Guidelines","Writing Committee Members*, Jones DW, Ferdinand KC","Hypertension (Dallas, Tex. : 1979)",2025,10.1161/HYP.0000000000000249,https://pubmed.ncbi.nlm.nih.gov/40811516/,A,guideline,
bp_thresholds2025,39589443,[Elevated blood pressure and hypertension : Focus of the 2024 ESC guidelines on risk reduction],"Schmieder RS, Schunkert H",Herz,2025,10.1007/s00059-024-05285-8,https://pubmed.ncbi.nlm.nih.gov/39589443/,B,review,
drugs_male_fertility2017,28622464,The impact of drugs on male fertility: a review,"Semet M, Paci M, Saïas-Magnan J",Andrology,2017,10.1111/andr.12366,https://pubmed.ncbi.nlm.nih.gov/28622464/,B,systematic-review,
tamoxifen_cyp2d6_2009,19574470,Pharmacogenomics of tamoxifen therapy,"Brauch H, Mürdter TE, Eichelbaum M",Clinical chemistry,2009,10.1373/clinchem.2008.121756,https://pubmed.ncbi.nlm.nih.gov/19574470/,B,review,
endoxifen_ssri2016,26446141,Augmentation of Endoxifen Exposure in Tamoxifen-Treated Women Following SSRI Switch,"Binkhorst L, Bannink M, de Bruijn P",Clinical pharmacokinetics,2016,10.1007/s40262-015-0315-x,https://pubmed.ncbi.nlm.nih.gov/26446141/,C,clinical-trial,
cyp2d6_endoxifen2018,28762370,Impact of CYP2D6 polymorphisms on endoxifen concentrations and breast cancer outcomes,"Hwang GS, Bhat R, Crutchley RD",The pharmacogenomics journal,2018,10.1038/tpj.2017.36,https://pubmed.ncbi.nlm.nih.gov/28762370/,B,meta-analysis,
anastrozole_cyp3a4_2023,37615099,Effects of CYP3A4 and CYP2C9 genotype on systemic anastrozole and fulvestrant concentrations in SWOG S0226,"Rutherford DV, Medley S, Henderson NC",Pharmacogenomics,2023,10.2217/pgs-2023-0097,https://pubmed.ncbi.nlm.nih.gov/37615099/,B,pharmacogenetic,
exemestane_cyp3a2025,40286062,Determination and Disposition of the Aromatase Inhibitor Exemestane in CYP3A-Deficient Mice,"Taheri H, Ahmed E, Hu P","Molecules (Basel, Switzerland)",2025,10.3390/molecules30071440,https://pubmed.ncbi.nlm.nih.gov/40286062/,C,animal,
letrozole_cyp3a4_2026,41674315,CYP3A4-Mediated Metabolism and Drug-Drug Interaction Potential of Abemaciclib and Letrozole In Vitro,"Kondža M, Turković L, Rimac H",Chemistry & biodiversity,2026,10.1002/cbdv.202502344,https://pubmed.ncbi.nlm.nih.gov/41674315/,C,in-vitro,
warfarin_stanozolol1987,3690998,Possible interaction of warfarin and stanozolol,"Shaw PW, Smith AM",Clinical pharmacy,1987,,https://pubmed.ncbi.nlm.nih.gov/3690998/,C,case-report,
warfarin_testosterone1985,4006400,Potentiation of warfarin anticoagulation by topical testosterone ointment,"Lorentz SM, Weibert RT",Clinical pharmacy,1985,,https://pubmed.ncbi.nlm.nih.gov/4006400/,C,case-report,
steroids_thrombosis2025,41229672,Thrombotic complications of glucocorticoids and anabolic steroids,"Gurumurthy G, Thachil J",Research and practice in thrombosis and haemostasis,2025,10.1016/j.rpth.2025.103208,https://pubmed.ncbi.nlm.nih.gov/41229672/,B,review,
mifflin1990,2305711,A new predictive equation for resting energy expenditure in healthy individuals,"Mifflin MD, St Jeor ST, Hill LA",The American journal of clinical nutrition,1990,10.1093/ajcn/51.2.241,https://pubmed.ncbi.nlm.nih.gov/2305711/,B,clinical-trial,
frankenfield2005,15883556,Comparison of predictive equations for resting metabolic rate in healthy nonobese and obese adults: a systematic review,"Frankenfield D, Roth-Yousey L, Compher C",Journal of the American Dietetic Association,2005,10.1016/j.jada.2005.02.005,https://pubmed.ncbi.nlm.nih.gov/15883556/,A,systematic-review,
trexler2014,24571926,Metabolic adaptation to weight loss: implications for the athlete,"Trexler ET, Smith-Ryan AE, Norton LE",Journal of the International Society of Sports Nutrition,2014,10.1186/1550-2783-11-7,https://pubmed.ncbi.nlm.nih.gov/24571926/,B,review,
